X1,X2,X3,X4,X5
v,at,a,d,u
t,av,e,d,y
w,n,c,d,x
t,n,f,d,x
v,n,f,d,h
b,e,c,d,g
r,e,f,d,f
l,as,f,d,f
s,as,e,d,f
b,aq,c,d,f
r,r,f,d,f
r,e,f,d,f
b,ai,c,d,f
r,e,f,d,j
s,as,e,d,j
l,ak,f,d,j
r,e,f,d,j
aa,as,c,d,j
c,m,c,d,j
a,ak,f,d,j
s,m,c,d,j
aa,as,d,d,j
r,a,b,d,j
b,m,c,d,j
r,ak,d,d,j
s,m,c,d,j
l,as,f,d,j
aa,as,c,d,j
s,as,c,d,j
b,m,c,d,j
v,as,f,d,j
e,as,c,d,j
b,m,c,d,j
s,as,d,d,j
s,as,c,d,j
b,ai,c,d,j
l,as,f,d,j
v,k,d,d,j
v,as,f,d,j
s,as,c,d,j
l,as,f,d,j
h,ae,f,d,j
aa,ai,c,d,j
s,as,c,d,j
z,ai,c,d,j
b,m,c,d,j
r,ai,f,d,j
aa,m,c,d,j
w,av,f,d,j
j,ai,b,d,j
w,as,f,d,j
r,e,f,d,j
l,s,c,d,j
r,r,f,d,j
b,as,c,d,j
s,m,c,d,j
o,as,c,d,j
u,as,c,d,j
v,ai,c,d,j
l,ae,f,d,j
b,ak,c,d,j
aa,f,c,d,j
r,ak,f,d,j
p,ak,c,d,j
b,as,c,d,j
v,n,f,d,j
aa,ai,c,d,j
s,as,c,d,j
aa,as,c,d,j
s,as,c,d,j
r,d,f,d,j
s,as,c,d,j
v,ai,c,d,j
l,n,f,d,j
b,m,c,d,j
s,as,c,d,j
l,ae,f,d,j
b,as,c,d,j
e,as,c,d,j
r,e,f,d,j
b,m,c,d,j
n,as,d,d,j
l,as,f,d,j
i,as,c,d,j
c,m,c,d,j
v,k,d,d,j
s,as,c,d,j
aa,ai,c,d,j
s,as,c,d,j
l,as,b,d,j
b,m,c,d,j
y,as,c,d,j
v,k,c,d,j
c,m,c,d,j
aa,as,c,d,j
b,m,c,d,j
l,as,f,d,j
aa,as,d,d,j
b,m,c,d,j
s,m,c,d,j
aa,as,c,d,j
d,ak,f,d,j
aa,ae,c,d,j
o,ag,f,d,j
s,m,c,d,j
r,as,f,d,j
b,m,c,d,j
l,as,f,d,j
b,ai,c,d,j
s,as,d,d,j
v,ai,c,d,j
a,as,b,d,j
l,as,f,d,j
o,as,f,d,j
s,as,c,d,j
aa,ay,c,d,j
v,ae,c,d,j
l,as,f,d,j
h,as,d,d,j
c,as,c,d,j
r,e,f,d,j
aa,aq,c,d,j
s,m,c,d,j
b,m,c,d,j
z,ai,c,d,j
s,as,c,d,j
z,m,c,d,j
p,as,c,d,j
f,as,c,d,j
r,r,f,d,j
r,e,f,d,j
c,ac,c,d,j
w,a,b,d,j
b,f,c,d,j
v,ai,c,d,j
s,as,c,d,j
b,m,c,d,j
s,as,c,d,j
i,as,c,d,i
aa,as,d,d,i
s,m,c,d,i
aa,aq,c,d,i
u,as,c,d,i
aa,aq,c,d,i
l,ae,f,d,i
s,m,c,d,i
aa,as,d,d,i
i,ap,c,d,i
l,ae,f,d,i
i,as,c,d,i
aa,ay,c,d,i
s,as,d,d,i
aa,g,d,d,i
v,ae,f,d,i
l,ae,f,d,i
i,as,c,d,i
aa,i,c,d,i
e,as,c,d,i
aa,as,d,d,i
c,aw,c,d,i
s,ae,c,d,i
i,as,c,d,i
b,as,c,d,i
aa,y,d,d,i
aa,ai,c,d,i
l,as,f,d,i
v,a,b,d,i
l,r,f,d,i
r,ak,f,d,i
s,as,c,d,i
s,ae,c,d,i
l,ae,f,d,i
aa,aq,c,d,i
l,as,f,d,i
aa,y,d,d,i
b,m,c,d,i
n,ak,f,d,i
s,as,c,d,i
b,m,c,d,i
b,aq,c,d,i
s,m,c,d,i
b,as,c,d,i
l,as,f,d,i
aa,as,d,d,i
y,b,c,d,i
b,ai,c,d,i
l,as,b,d,i
aa,as,d,d,i
w,ae,f,d,i
r,ak,f,d,i
f,e,c,d,i
s,m,c,d,i
aa,y,d,d,i
b,ai,c,d,i
s,as,c,d,i
r,r,f,d,i
l,r,f,d,i
b,ai,c,d,i
a,as,f,d,i
s,m,c,d,i
b,as,c,d,i
s,as,c,d,i
b,as,c,d,i
s,as,c,d,i
aa,as,d,d,i
l,as,f,d,i
l,ae,f,d,i
b,ai,c,d,i
y,b,c,d,i
l,as,f,d,i
aa,m,c,d,i
b,as,c,d,i
s,m,c,d,i
aa,as,c,d,i
b,e,c,d,i
l,ae,f,d,i
i,as,c,d,i
a,ak,f,d,i
s,as,c,d,i
v,ak,f,d,i
c,ac,c,d,i
b,b,c,d,i
i,as,c,d,i
e,as,c,d,i
a,ae,f,d,i
s,as,d,d,i
aa,ak,c,d,i
v,ak,f,d,i
aa,as,d,d,i
aa,ai,c,d,i
b,ae,c,d,i
b,a,d,d,i
aa,y,d,d,i
b,ak,c,d,i
c,ae,c,d,i
i,ap,c,d,i
aa,y,c,d,i
v,as,d,d,i
b,ai,c,d,i
m,ak,f,d,i
s,as,c,d,i
b,m,c,d,i
l,s,c,d,i
l,ae,f,d,i
l,ae,f,d,i
aa,as,d,d,i
l,as,b,d,i
l,ae,f,d,i
l,ae,f,d,i
aa,ai,c,d,i
l,as,f,d,i
r,r,f,d,i
l,as,f,d,i
b,as,c,d,i
r,ae,c,d,i
b,ai,c,d,i
v,as,f,d,i
a,as,f,d,i
aa,m,c,d,i
l,as,f,d,i
l,s,c,d,i
b,f,c,d,i
z,ai,c,d,i
l,as,f,d,i
b,ai,c,d,i
r,a,b,d,i
v,as,f,d,i
s,as,c,d,i
r,f,f,d,i
s,as,c,d,i
a,ak,f,d,i
l,s,c,d,i
aa,as,e,d,i
aa,as,d,d,i
b,a,d,d,i
aa,ai,c,d,i
s,as,d,d,i
aa,as,d,d,i
s,as,g,d,i
b,n,c,d,i
s,m,c,d,i
l,ae,f,d,i
aa,m,g,d,i
l,as,f,d,i
l,as,d,d,i
b,ai,c,d,i
aa,ai,c,d,i
a,ak,f,d,i
s,as,c,d,i
l,ae,f,d,i
b,as,d,d,i
b,a,a,d,i
l,as,b,d,i
aa,m,c,d,i
v,ak,f,d,i
b,ai,c,d,i
s,m,c,d,i
l,as,f,d,i
aa,aq,c,d,i
v,ao,a,d,i
e,as,c,d,i
b,ai,c,d,i
b,ai,c,d,i
aa,ai,c,d,i
aa,as,d,d,i
aa,y,d,d,i
a,as,f,d,i
v,al,b,d,i
b,f,c,d,i
l,as,f,d,i
aa,ay,g,d,i
s,m,c,d,i
a,ak,f,d,i
b,ai,c,d,i
aa,ai,g,d,i
aa,as,g,d,i
k,as,d,d,i
aa,ai,g,d,i
r,ag,f,d,i
v,ak,f,d,i
aa,as,e,d,i
l,n,f,d,i
b,m,c,d,i
m,as,c,d,i
r,ag,f,d,i
v,ae,f,d,i
r,as,f,d,i
v,as,d,d,i
aa,ai,c,d,i
s,as,g,d,i
a,ae,f,d,i
s,as,c,d,i
b,as,b,d,i
t,al,b,d,i
b,m,c,d,i
aa,as,d,d,i
l,ak,f,d,i
s,as,d,d,i
b,ai,c,d,i
l,ae,f,d,i
s,as,d,d,i
aa,ai,g,d,i
l,ak,f,d,i
s,as,g,d,i
aa,m,g,d,i
aa,as,g,d,d
l,as,b,d,d
aa,ao,c,d,d
aa,ai,g,d,d
l,as,b,d,d
aa,as,e,d,d
aa,y,d,d,d
i,as,c,d,d
b,as,c,d,d
t,as,f,d,d
v,ak,f,d,d
aa,as,d,d,d
aa,ay,g,d,d
l,as,f,d,d
c,as,c,d,d
m,r,f,d,d
b,a,d,d,d
c,m,c,d,d
aa,ao,c,d,d
s,m,c,d,d
l,r,f,d,d
a,ak,f,d,d
aa,i,g,d,d
v,n,f,d,d
aa,ay,g,d,d
l,as,b,d,d
aa,as,d,d,d
s,m,c,d,d
l,s,c,d,d
s,ae,g,d,d
aa,ai,c,d,d
l,ak,f,d,d
b,aq,c,d,d
s,m,c,d,d
b,as,c,d,d
s,m,c,d,d
aa,as,e,d,d
l,ae,f,d,d
aa,as,g,d,d
c,ak,c,d,d
s,as,g,d,d
s,as,g,d,d
b,ai,c,d,d
a,as,f,d,d
aa,as,d,d,d
s,m,c,d,d
v,ae,f,d,d
aa,as,g,d,d
p,as,c,d,d
aa,ai,c,d,d
u,as,c,d,d
c,ae,c,d,d
aa,y,d,d,d
s,as,c,d,d
s,m,c,d,d
y,b,c,d,d
aa,m,g,d,d
l,as,d,d,d
aa,aq,c,d,d
l,as,f,d,d
b,m,c,d,d
l,as,c,d,d
s,as,d,d,d
b,as,c,d,d
l,as,b,d,d
aa,as,d,d,d
c,m,c,d,d
b,as,c,d,d
s,m,c,d,d
aa,f,g,d,d
aa,ai,c,d,d
s,as,g,d,d
s,m,c,d,d
e,as,c,d,d
l,as,b,d,d
b,h,c,d,d
y,b,c,d,d
aa,as,c,d,d
s,as,c,d,d
b,y,d,d,d
c,ak,c,d,d
l,as,f,d,d
b,ak,c,d,d
b,m,c,d,d
l,ae,f,d,d
aa,ai,g,d,d
e,as,c,d,d
b,ai,a,d,d
aa,as,g,d,d
l,ae,f,d,d
s,as,d,d,d
aa,as,d,d,d
aa,as,g,d,d
s,as,c,d,d
s,m,c,d,d
l,m,f,d,d
b,m,c,d,d
aa,ai,g,d,d
s,as,g,d,d
e,as,c,d,d
u,as,g,d,d
l,as,b,d,d
s,m,c,d,d
i,as,c,d,d
aa,f,g,d,d
s,as,a,d,d
b,as,d,d,d
s,aq,f,d,d
aa,as,d,d,d
s,m,c,d,d
j,as,c,d,d
aa,f,g,d,d
i,as,c,d,d
aa,as,g,d,d
s,m,c,d,d
b,ak,c,d,d
e,as,c,d,d
s,m,g,d,d
aa,as,d,d,d
c,m,c,d,d
aa,as,g,d,d
y,e,c,d,d
b,b,c,d,d
s,m,c,d,d
s,m,c,d,d
b,m,c,d,d
s,as,g,d,d
aa,m,g,d,d
l,as,f,d,d
o,as,f,d,d
aa,ae,g,d,d
aa,as,d,d,d
s,as,g,d,d
aa,as,g,d,d
aa,aq,g,d,d
s,as,g,d,d
l,s,c,d,d
s,as,g,d,d
aa,ao,d,d,d
s,as,c,d,d
aa,ai,g,d,d
s,as,c,d,d
aa,as,g,d,d
u,as,g,d,d
aa,ay,g,d,d
aa,as,g,d,d
aa,ao,d,d,d
l,ae,f,d,d
s,m,c,d,d
w,ak,f,d,d
b,as,c,d,d
e,as,c,d,d
v,k,d,d,d
b,ai,c,d,d
l,as,f,d,d
l,as,b,d,d
aa,ai,g,d,d
b,ak,c,d,d
aa,ai,g,d,d
l,as,f,d,d
k,ak,c,d,d
aa,ai,c,d,d
aa,ai,g,d,d
l,as,f,d,d
b,ai,c,d,d
aa,ai,g,d,d
v,n,f,d,d
v,ak,f,d,d
s,as,c,d,d
aa,ai,g,d,d
l,ak,f,d,d
c,s,c,d,d
b,ai,c,d,d
c,ak,d,d,d
aa,ay,g,d,d
b,ai,c,d,d
b,m,c,d,d
a,as,f,d,d
b,aq,c,d,d
l,as,d,d,d
h,as,f,d,d
b,b,c,d,d
l,ae,f,d,d
b,ai,c,d,d
l,s,c,d,d
c,ae,c,d,d
aa,as,d,d,d
b,b,c,d,d
aa,ai,c,d,d
l,ae,c,d,d
aa,y,d,d,d
s,m,c,d,d
aa,as,d,d,d
i,as,c,d,d
aa,as,d,d,d
aa,as,c,d,d
l,as,f,d,d
v,as,f,d,d
i,as,c,d,d
aa,x,c,d,d
b,ae,c,d,d
aa,as,c,d,d
l,as,f,d,d
i,ae,c,d,d
s,as,g,d,d
aa,ai,c,d,d
aa,ay,c,d,d
l,as,f,d,d
aa,as,c,d,d
l,ae,f,d,d
aa,as,d,d,d
l,as,f,d,d
aa,g,c,d,d
aa,e,c,d,d
b,as,c,d,c
j,n,c,d,c
i,as,c,d,c
s,as,c,d,c
e,as,c,d,c
l,as,f,d,c
v,n,f,d,c
aa,ai,c,d,c
s,m,c,d,c
aa,as,c,d,c
v,as,f,d,c
aa,as,c,d,c
s,m,c,d,c
aa,as,c,d,c
l,n,f,d,c
i,as,c,d,c
b,m,c,d,c
b,m,c,d,c
s,as,g,d,c
aa,as,c,d,c
l,as,f,d,c
b,m,c,d,c
p,ak,g,d,c
i,as,d,d,c
b,m,c,d,c
a,ak,f,d,c
b,as,c,d,c
aa,as,e,d,c
l,ae,f,d,c
v,au,c,d,c
v,as,f,d,c
aa,as,c,d,c
y,ac,c,d,c
s,as,g,d,c
aa,ao,d,d,c
l,as,f,d,c
r,ae,g,d,c
s,m,c,d,c
aa,as,c,d,c
b,m,c,d,c
w,as,g,d,c
b,m,c,d,c
s,as,d,d,c
s,as,g,d,c
aa,as,c,d,c
b,m,c,d,c
aa,as,d,d,c
s,ak,c,d,c
h,as,f,d,c
l,as,f,d,c
aa,as,d,d,c
l,ae,f,d,c
aa,as,c,d,c
c,m,c,d,c
aa,as,c,d,c
s,as,g,d,c
s,as,g,d,c
b,m,c,d,c
s,as,g,d,c
b,f,c,d,c
v,as,f,d,c
g,m,f,d,c
l,as,f,d,c
aa,as,c,d,c
b,m,c,d,c
aa,as,c,d,c
s,as,g,d,c
r,d,f,d,c
t,m,c,d,c
b,m,c,d,c
l,as,f,d,c
aa,as,c,d,c
s,m,c,d,c
b,as,c,d,c
i,as,c,d,c
l,as,f,d,c
aa,as,c,d,c
aa,aq,c,d,c
l,as,f,d,c
s,as,g,d,c
l,ae,f,d,c
b,as,a,d,c
l,as,f,d,c
s,m,a,d,c
v,t,d,d,c
aa,as,d,d,c
aa,as,d,d,c
l,as,f,d,c
b,ak,c,d,c
i,as,c,d,c
s,m,c,d,c
l,ae,f,d,c
b,a,c,d,c
s,m,c,d,c
s,m,c,d,c
b,b,c,d,c
s,as,g,d,c
aa,as,d,d,c
b,m,c,d,c
aa,m,c,d,c
s,ak,c,d,c
aa,as,d,d,c
b,an,c,d,c
aa,as,d,d,c
e,ap,a,d,c
b,m,c,d,c
l,r,f,d,c
r,f,f,d,c
b,ae,a,d,c
s,as,c,d,c
y,e,c,d,c
s,as,c,d,c
o,ai,f,d,c
u,as,c,d,c
b,ai,a,d,c
aa,ao,d,d,c
aa,ai,c,d,c
l,as,f,d,c
b,ai,a,d,c
q,aq,c,d,c
aa,as,d,d,c
s,as,c,d,c
i,ae,c,d,c
s,as,c,d,c
v,k,d,d,c
b,ai,a,d,c
l,as,f,d,c
b,m,a,d,c
b,as,d,d,c
aa,as,d,d,c
y,n,c,d,c
aa,as,c,d,af
l,as,f,d,af
b,ai,c,d,af
s,m,a,d,af
aa,as,d,d,af
r,r,f,d,af
s,n,f,d,af
aa,as,d,d,af
l,r,f,d,af
b,ai,a,d,af
s,as,c,d,af
v,ae,c,d,af
aa,ao,d,d,af
s,as,a,d,af
i,as,c,d,af
v,as,f,d,af
aa,ao,d,d,af
y,as,c,d,af
s,ae,c,d,af
aa,as,g,d,af
l,s,c,d,af
aa,as,d,d,af
j,as,c,d,af
s,as,a,d,af
b,m,c,d,af
s,as,c,d,af
aa,ay,c,d,af
b,m,a,d,af
v,ae,c,d,af
aa,as,c,d,af
l,as,b,d,af
l,as,f,d,af
b,m,a,d,af
b,as,a,d,af
l,as,b,d,af
aa,as,d,d,af
l,s,c,d,af
l,ae,f,d,af
s,as,c,d,af
l,as,f,d,af
aa,m,c,d,af
v,ae,c,d,af
aa,as,d,d,af
s,as,c,d,af
n,aq,f,d,af
aa,ao,d,d,af
s,as,c,d,af
aa,as,e,d,af
c,ac,a,d,af
aa,as,d,d,af
l,as,b,d,af
aa,ae,c,d,af
aa,as,d,d,af
l,n,f,d,af
aa,as,d,d,af
aa,m,c,d,af
m,as,d,d,af
v,ak,f,d,af
aa,ao,d,d,af
v,au,c,d,af
aa,ae,c,d,af
s,as,c,d,af
v,ae,c,d,af
v,as,f,d,af
aa,as,d,d,af
aa,as,d,d,af
s,as,d,d,af
aa,as,c,d,af
aa,ai,c,d,af
aa,f,c,d,af
aa,ai,c,d,af
l,as,f,d,af
l,as,f,d,af
s,as,c,d,af
aa,as,d,d,af
aa,as,d,d,af
l,ae,f,d,af
b,b,a,d,af
v,ae,d,d,af
s,as,g,d,af
l,ae,f,d,af
i,as,c,d,af
s,m,a,d,af
s,as,g,d,af
aa,m,c,d,af
b,f,a,d,af
aa,ai,c,d,af
h,as,f,d,af
w,ak,g,d,af
m,ak,c,d,af
aa,ai,g,d,af
b,ai,c,d,af
s,as,g,d,af
b,m,c,d,af
s,m,a,d,af
v,as,f,d,af
aa,m,g,d,af
s,m,a,d,af
b,ak,c,d,af
l,ae,f,d,af
aa,as,d,d,af
t,ak,f,d,af
s,m,a,d,af
l,ae,f,d,af
aa,ai,c,d,af
t,r,g,d,af
i,as,c,d,af
h,as,d,d,af
aa,m,c,d,af
c,as,c,d,af
b,m,a,d,af
aa,ai,g,d,af
s,as,c,d,af
aa,i,g,d,af
s,m,a,d,af
aa,as,d,d,af
v,n,f,d,af
l,as,f,d,af
b,m,a,d,af
l,ap,f,d,af
v,as,d,d,af
s,m,a,d,af
i,ap,c,d,af
a,as,f,d,af
l,as,b,d,af
o,e,f,d,af
s,m,a,d,af
b,as,c,d,af
v,a,d,d,af
b,d,c,d,af
aa,as,d,d,af
aa,m,g,d,af
aa,f,g,d,af
l,as,d,d,af
i,as,c,d,af
b,z,c,d,af
aa,as,g,d,af
l,as,f,d,af
aa,m,g,d,af
h,ak,f,d,af
s,m,a,d,af
aa,ay,g,d,af
s,as,g,d,af
aa,m,g,d,af
l,n,f,d,af
aa,ai,g,d,af
v,ak,f,d,af
i,as,a,d,af
l,as,f,d,af
b,m,a,d,af
v,r,a,d,af
b,m,c,d,af
s,as,f,d,af
b,b,c,d,af
l,as,b,d,af
i,as,a,d,af
aa,i,c,d,af
aa,ai,c,d,af
h,as,f,d,af
b,as,c,d,af
v,n,f,d,af
aa,ay,c,d,af
aa,ai,g,d,af
s,as,d,d,af
v,ae,c,d,af
b,n,c,d,af
u,as,c,d,af
i,as,c,d,af
v,ai,g,d,af
aa,as,d,d,af
aa,ai,c,d,af
aa,as,d,d,af
l,as,f,d,af
aa,m,c,d,af
aa,ah,d,d,af
z,as,c,d,af
r,ae,c,d,af
s,m,a,d,af
b,ai,c,d,af
aa,m,c,d,af
aa,ai,c,d,af
i,as,c,d,af
v,ao,d,d,af
i,as,c,d,af
c,s,a,d,af
s,as,c,d,af
aa,ai,c,d,af
l,as,f,d,af
s,as,c,d,ag
l,as,f,d,ag
s,as,c,d,ag
s,as,c,d,ag
v,r,a,d,ag
r,ai,f,d,ag
r,z,d,d,ag
aa,as,c,d,ag
c,ae,c,d,ag
aa,as,d,d,ag
aa,r,c,d,ag
l,as,f,d,ag
r,ae,c,d,ag
c,r,a,d,ag
l,as,f,d,ag
b,b,c,d,ag
l,n,f,d,ag
v,f,f,d,ag
s,as,c,d,ag
r,r,f,d,ag
b,as,c,d,ag
s,as,c,d,ag
aa,as,c,d,ag
n,as,d,d,ag
e,as,c,d,ag
aa,as,d,d,ag
a,as,f,d,ag
v,k,d,d,ag
z,ai,c,d,ag
aa,ay,c,d,ag
l,as,f,d,ag
aa,m,c,d,ag
g,aq,c,d,ag
v,e,c,d,ag
v,n,f,d,ag
l,as,f,d,ag
s,as,c,d,ag
aa,m,c,d,ag
aa,ai,a,d,ag
l,s,c,d,ag
v,t,d,d,ag
z,ai,c,d,ag
aa,as,c,d,ag
l,as,f,d,ag
v,e,c,d,ag
r,r,f,d,ag
s,as,f,d,ag
aa,as,c,d,ag
s,as,c,d,ag
s,as,c,d,ag
r,as,d,d,ag
l,as,f,d,ag
b,g,d,d,ag
v,ae,c,d,ag
u,m,a,d,ag
r,d,f,d,ag
e,as,c,d,ag
s,r,c,d,ag
a,ak,f,d,ag
l,as,f,d,ag
l,s,c,d,ag
o,ai,f,d,ag
l,as,f,d,ag
aa,ai,c,d,ag
r,ae,c,d,ag
l,as,f,d,ag
r,d,f,d,ag
l,as,f,d,ag
b,ai,c,d,ag
b,m,c,d,ag
v,e,c,d,ag
aa,ai,c,d,ag
l,as,f,d,ag
r,ai,f,d,ag
b,ai,c,d,ag
aa,ay,c,d,ag
b,f,c,d,ag
s,as,g,d,ag
r,f,f,d,ag
s,as,g,d,ag
aa,ai,c,d,ag
l,s,c,d,ag
c,m,c,d,ag
l,as,f,d,ag
a,p,f,d,ag
f,f,c,d,ag
aa,ai,c,d,ag
u,as,c,d,ag
c,as,c,d,ag
r,ae,g,d,ag
c,as,c,d,ag
aa,ai,c,d,ag
r,ak,f,d,ag
s,as,d,d,ag
aa,m,c,d,ag
e,as,c,d,ag
a,ak,f,d,ag
w,as,f,d,ag
k,ae,c,d,ag
s,as,c,d,ag
a,ak,f,d,ag
b,aq,c,d,ag
c,m,c,d,ag
aa,as,c,d,ag
s,m,c,d,ag
b,m,c,d,ag
aa,as,c,d,ag
a,as,f,d,ag
aa,ai,c,d,ag
r,as,f,d,ag
s,as,c,d,ag
v,as,f,d,ag
s,as,d,d,ag
v,ai,c,d,ag
v,as,f,d,ag
b,i,c,d,ag
b,ai,c,d,ag
b,m,c,d,ag
aa,m,c,d,ag
v,ak,c,d,ag
r,ae,c,d,ag
b,as,c,d,ag
v,ae,c,d,ag
a,z,f,d,ag
s,as,c,d,ag
a,ak,f,d,ag
aa,m,c,d,ag
s,m,c,d,ag
v,as,c,d,ag
a,z,f,d,ag
o,as,d,d,ag
b,m,c,d,ag
s,as,c,d,ag
a,ak,f,d,ag
r,a,d,d,ag
v,e,c,d,ag
s,m,c,d,ag
a,as,f,d,ag
s,m,c,d,ag
l,s,c,d,ag
l,as,f,d,ag
l,as,f,d,ag
j,r,c,d,ag
aa,ai,c,d,ag
r,ae,c,d,ag
aa,as,d,d,ag
aa,ai,e,d,ag
r,ai,f,d,ag
s,as,c,d,ag
z,ai,c,d,ag
aa,as,d,d,ag
l,as,f,d,ag
b,ai,c,d,ag
a,ak,f,d,ag
v,as,f,d,ag
aa,n,e,d,ag
u,as,d,d,ag
o,ai,f,d,ag
aa,as,d,d,ag
o,ai,f,d,ag
l,e,f,d,ag
i,e,c,d,ag
s,as,c,d,ag
s,as,c,d,ag
aa,m,e,d,ag
v,ac,f,d,ag
c,as,c,d,ag
s,as,c,d,ag
b,as,c,d,ag
l,as,b,d,ag
aa,ai,e,d,ag
n,n,f,d,ag
aa,f,e,d,ag
m,ae,d,d,ag
aa,as,e,d,ag
s,m,c,d,ag
a,ae,f,d,ag
aa,aq,c,d,ag
s,m,c,d,ag
aa,as,d,d,ag
o,ai,f,d,ag
l,as,d,d,ag
v,r,c,d,ag
aa,ay,e,d,ag
e,as,c,d,ag
b,m,c,d,ag
s,as,c,d,ag
s,as,e,d,ag
r,r,f,d,ag
z,ai,e,d,ag
i,as,c,d,ag
b,n,c,d,ag
l,as,f,d,ag
s,m,c,d,ag
l,as,f,d,ag
o,ai,f,d,ag
aa,ai,e,d,ag
v,as,f,d,ag
aa,ao,d,d,ag
a,ak,f,d,ag
b,m,c,d,ag
w,n,f,d,ag
o,ai,f,d,ag
b,ae,c,d,ag
e,as,c,d,ab
v,f,f,d,ab
k,as,b,d,ab
b,m,c,d,ab
a,ae,f,d,ab
s,m,c,d,ab
a,ak,f,d,ab
i,as,c,d,ab
o,ai,f,d,ab
l,as,f,d,ab
r,ai,f,d,ab
u,as,d,d,ab
b,as,c,d,ab
s,as,e,d,ab
aa,ah,d,d,ab
aa,as,e,d,ab
r,ae,e,d,ab
w,ai,c,d,ab
s,as,e,d,ab
aa,ai,e,d,ab
v,k,d,d,ab
aa,m,e,d,ab
l,n,f,d,ab
l,as,f,d,ab
l,as,c,d,ab
l,ae,f,d,ab
i,as,c,d,ab
a,as,f,d,ab
l,s,c,d,ab
b,ai,c,d,ab
b,ai,c,d,ab
i,f,c,d,ab
l,s,c,d,ab
aa,ag,e,d,ab
aa,m,e,d,ab
s,as,d,d,ab
a,ak,f,d,ab
y,b,c,d,ab
c,r,c,d,ab
l,ae,f,d,ab
l,s,c,d,ab
l,ae,f,d,ab
aa,ao,d,d,ab
i,as,c,d,ab
l,as,f,d,ab
b,as,c,d,ab
l,as,f,d,ab
i,ap,c,d,ab
s,m,c,d,ab
aa,ao,a,d,ab
a,ak,f,d,ab
l,s,c,d,ab
s,m,c,d,ab
aa,ai,e,d,ab
v,ai,c,d,ab
v,r,c,d,ab
c,as,c,d,ab
aa,as,e,d,ab
s,as,c,d,ab
l,s,c,d,ab
l,ae,f,d,ab
f,ag,f,d,ab
b,b,c,d,ab
s,as,e,d,ab
v,ak,e,d,ab
s,as,c,d,ab
aa,as,e,d,ab
b,ai,c,d,ab
v,ak,e,d,ab
b,m,c,d,ab
s,ak,e,d,ab
aa,as,c,d,ab
b,a,d,d,ab
a,as,f,d,ab
aa,ai,c,d,ab
s,as,e,d,ab
w,n,f,d,ab
i,as,c,d,ab
i,as,c,d,ab
l,s,c,d,ab
l,as,f,d,ab
b,m,c,d,ab
v,ae,f,d,ab
b,as,c,d,ab
l,as,f,d,ab
v,n,f,d,ab
b,m,c,d,ab
l,as,f,d,ab
aa,ai,c,d,ab
s,as,e,d,ab
aa,ai,e,d,ab
b,f,c,d,ab
aa,ai,e,d,ab
s,as,e,d,ab
v,r,c,d,ab
b,m,c,d,ab
aa,as,e,d,ab
l,ae,f,d,ab
i,ap,c,d,ab
r,ae,e,d,ab
v,t,d,d,ab
l,as,f,d,ab
aa,i,c,d,ab
l,ae,f,d,ab
aa,i,c,d,ab
m,as,f,d,ab
v,ak,c,d,ab
b,m,c,d,ab
l,as,f,d,ab
c,s,c,d,ab
r,r,f,d,ab
a,as,e,d,ab
aa,ai,c,d,ab
s,as,c,d,ab
l,as,f,d,ab
aa,d,e,d,ab
s,as,e,d,ab
l,s,c,d,ab
l,ae,f,d,ab
aa,as,e,d,ab
s,as,e,d,ab
o,as,f,d,ab
l,as,f,d,ab
b,m,c,d,ab
aa,as,a,d,ab
h,ak,f,d,ab
a,as,f,d,ab
aa,ai,e,d,ab
v,as,e,d,ab
s,as,c,d,ab
aa,ai,e,d,ab
l,as,d,d,ab
aa,as,c,d,ab
b,as,c,d,ab
l,as,f,d,ab
i,as,c,d,ab
v,ak,e,d,ab
b,ay,c,d,ab
s,as,e,d,ab
aa,ai,c,d,ab
h,as,f,d,ab
w,ae,d,d,ab
v,f,f,d,ab
aa,as,c,d,ab
r,ak,f,d,ab
aa,as,e,d,ab
b,m,c,d,ab
s,as,e,d,ab
l,as,f,d,ab
aa,m,c,d,ab
aa,as,c,d,ab
aa,ai,c,d,ab
y,as,c,d,ab
aa,ai,c,d,ab
e,as,c,d,ab
r,ae,e,d,ab
l,as,f,d,ab
b,z,c,d,ab
aa,ao,a,d,ab
i,as,c,d,ab
b,ai,c,d,ab
v,r,c,d,ab
aa,ay,c,d,ab
t,as,e,d,ab
e,as,c,d,ab
aa,as,c,d,ab
s,as,e,d,ab
l,s,c,d,ab
aa,am,c,d,ab
i,as,c,d,ab
s,ae,e,d,ab
aa,ah,a,d,ab
c,as,c,d,ab
aa,as,c,d,ab
aa,ai,c,d,ab
aa,as,c,d,ab
s,as,e,d,ab
v,r,c,d,ab
aa,ai,c,d,ab
b,a,c,d,ab
f,ae,c,d,ab
s,as,e,d,ab
aa,ai,c,d,ab
aa,ae,c,d,ab
n,as,f,d,ab
aa,as,c,d,ab
s,as,e,d,ab
aa,m,c,d,ab
v,t,d,d,ab
i,ap,c,d,ab
r,as,f,d,ab
s,as,e,d,ab
aa,ai,c,d,ab
l,n,f,d,ab
s,as,e,d,ab
aa,f,c,d,ab
b,ae,c,d,ab
b,as,c,d,ac
a,ak,f,d,ac
l,as,f,d,ac
s,h,f,d,ac
b,ai,c,d,ac
s,as,c,d,ac
i,as,c,d,ac
l,as,f,d,ac
a,ak,f,d,ac
k,ae,c,d,ac
aa,f,c,d,ac
l,as,f,d,ac
b,m,c,d,ac
v,r,c,d,ac
r,ak,f,d,ac
aa,as,c,d,ac
l,as,c,d,ac
i,ae,c,d,ac
aa,ai,c,d,ac
s,as,c,d,ac
l,as,f,d,ac
s,m,c,d,ac
l,n,f,d,ac
aa,as,d,d,ac
v,as,f,d,ac
aa,m,c,d,ac
aa,aq,c,d,ac
aa,ao,a,d,ac
l,s,c,b,ac
e,ap,c,c,ac
r,ae,c,a,ac
u,as,c,a,ac
a,ak,f,d,ac
b,ae,c,d,ac
s,as,c,d,ac
s,as,c,d,ac
aa,m,c,d,ac
u,x,c,d,ac
l,as,f,d,ac
aa,ao,a,d,ac
s,as,e,d,ac
r,ae,d,d,ac
aa,m,c,d,ac
v,at,d,d,ac
a,ak,f,d,ac
aa,aq,c,d,ac
v,ak,c,d,ac
aa,as,c,d,ac
s,ak,c,d,ac
b,ai,c,d,ac
aa,ay,c,d,ac
m,ae,c,d,ac
v,ak,c,d,ac
r,a,d,d,ac
s,as,c,d,ac
b,ae,c,d,ac
l,as,d,d,ac
aa,ai,c,d,ac
b,ae,c,d,ac
l,as,f,d,ac
v,r,c,d,ac
l,ak,f,d,ac
r,f,f,d,ac
aa,ae,c,d,ac
l,ae,f,d,ac
l,ae,f,d,ac
i,as,c,d,ac
b,ae,c,d,ac
l,as,f,d,ac
aa,ai,c,d,ac
l,ae,f,d,ac
c,aq,c,d,ac
r,ag,f,d,ac
c,ac,c,d,ac
l,as,d,d,ac
c,ae,a,d,ac
aa,as,c,d,ac
f,ai,c,d,ac
l,n,f,d,ac
aa,ai,c,d,ac
l,ae,f,d,ac
i,as,c,d,ac
o,ai,f,d,ac
l,as,f,d,ac
v,as,f,d,ac
s,as,e,d,ac
aa,ay,e,d,ac
s,as,g,d,ac
s,as,c,d,ac
r,ag,f,d,ac
l,x,f,d,ac
aa,ai,c,d,ac
l,as,f,d,ac
aa,as,e,d,ac
t,ak,c,d,ac
o,z,f,d,ac
b,ae,c,d,ac
t,n,f,d,ac
c,m,c,d,ac
s,as,c,d,ac
m,ae,f,d,ac
l,s,c,d,ac
s,m,c,d,ac
aa,f,g,d,ac
l,n,f,d,ac
b,ai,a,d,ac
s,as,g,d,ac
aa,as,e,d,ac
w,ak,g,d,ac
aa,ah,a,d,ac
s,ae,g,d,ac
v,as,f,d,ac
i,as,a,d,ac
h,ae,f,d,ac
s,ae,g,d,ac
b,f,a,d,ac
b,ai,a,d,ac
aa,ay,e,d,ac
i,as,c,d,ac
l,as,f,d,ac
aa,ak,e,d,ac
aa,m,g,d,ac
n,s,c,d,ac
aa,as,a,d,ac
b,ae,a,d,ac
v,r,a,d,ac
v,n,f,d,ac
s,as,g,d,ac
aa,as,c,d,ac
f,aq,d,d,ac
b,m,a,d,ac
l,s,c,d,ac
aa,as,g,d,ac
l,as,f,d,ac
aa,as,g,d,ac
c,m,c,d,ac
aa,aq,e,d,ac
t,m,a,d,ac
s,as,g,d,ac
aa,f,g,d,ac
r,r,f,d,ac
aa,as,c,d,ac
l,as,f,d,ac
k,as,a,d,ac
v,ak,g,d,ac
b,b,c,d,ac
e,as,a,d,ac
s,as,g,d,ac
aa,as,c,d,ac
aa,as,c,d,ac
s,as,c,d,ac
aa,an,c,d,ac
c,ae,a,d,ac
aa,as,c,d,ac
c,ae,a,d,ac
l,ae,d,d,ac
l,as,f,d,ac
aa,ay,g,d,ac
z,m,g,d,ac
c,as,a,d,ac
v,f,f,d,ac
aa,ai,c,d,ac
l,as,f,d,ac
i,as,a,d,ac
y,e,c,d,ac
b,as,a,d,ac
b,ai,a,d,ac
l,as,b,d,ac
b,f,a,d,ac
b,ae,a,d,ac
l,as,f,d,ac
r,ae,e,d,ac
i,as,a,d,ac
b,as,c,d,ac
f,as,d,d,ac
b,m,c,d,ac
b,m,c,d,ac
s,as,c,d,ac
o,ai,f,d,ac
l,n,f,d,ac
b,ae,a,d,ac
l,as,f,d,ac
aa,ay,g,d,ac
s,as,g,d,ac
b,m,c,d,ac
l,as,f,d,ac
c,ak,a,d,ac
t,n,c,d,ac
j,ae,c,d,ac
s,n,g,d,ac
e,as,a,d,ac
aa,as,a,d,ac
aa,m,c,d,ac
y,ac,c,d,ac
v,ak,f,d,ac
a,ak,f,d,ac
s,as,c,d,ac
aa,m,c,d,ac
l,as,b,d,ac
v,al,b,d,ac
aa,z,c,d,ad
aa,ay,c,d,ad
b,ai,a,d,ad
b,f,c,d,ad
c,as,a,d,ad
aa,ai,c,d,ad
c,s,a,d,ad
aa,ai,c,d,ad
l,as,f,d,ad
s,as,c,d,ad
i,ae,c,d,ad
aa,ae,c,d,ad
aa,as,c,d,ad
s,as,g,d,ad
s,as,g,d,ad
b,ae,c,d,ad
b,e,c,d,ad
c,m,a,d,ad
r,f,f,d,ad
l,as,d,d,ad
v,as,f,d,ad
r,ae,c,d,ad
s,as,g,d,ad
a,ak,f,d,ad
s,m,c,d,ad
u,m,c,d,ad
s,as,g,d,ad
r,ae,c,d,ad
t,n,f,d,ad
l,ae,f,d,ad
aa,ay,c,d,ad
b,ae,a,d,ad
l,ae,f,d,ad
w,as,f,d,ad
v,at,d,d,ad
s,as,g,d,ad
aa,as,a,d,ad
v,r,c,d,ad
l,as,f,d,ad
l,s,c,d,ad
b,m,a,d,ad
v,as,d,d,ad
b,ai,d,d,ad
v,n,f,d,ad
aa,as,c,d,ad
h,as,f,d,ad
l,as,c,d,ad
a,ak,f,d,ad
s,ae,g,d,ad
i,x,c,d,ad
s,as,g,d,ad
l,s,c,d,ad
b,as,a,d,ad
l,n,f,d,ad
r,ag,f,d,ad
i,ae,c,d,ad
l,as,f,d,ad
b,f,c,d,ad
s,m,a,d,ad
s,as,a,d,ad
b,i,a,d,ad
l,as,f,d,ad
aa,ai,c,d,ad
k,as,a,d,ad
b,ae,a,d,ad
m,ae,a,d,ad
b,ai,a,d,ad
b,m,a,d,ad
l,r,f,d,ad
l,as,f,d,ad
r,r,f,d,ad
q,n,a,d,ad
s,ae,g,d,ad
o,ae,c,d,ad
l,as,f,d,ad
b,ai,a,d,ad
s,as,g,d,ad
w,ak,f,d,ad
i,as,c,d,ad
b,m,a,d,ad
l,as,f,d,ad
l,r,f,d,ad
n,ak,d,d,ad
s,as,g,d,ad
l,r,f,d,ad
l,as,f,d,ad
b,as,c,d,ad
s,m,a,d,ad
v,as,c,d,ad
b,ae,a,d,ad
r,ai,f,d,ad
r,as,f,d,ad
w,ak,c,d,ad
l,as,b,d,ad
w,as,c,d,ad
r,ai,f,d,ad
a,ae,f,d,ad
y,m,c,d,ad
l,ae,f,d,ad
aa,as,c,d,ad
v,r,a,d,ad
l,as,d,d,ad
b,m,a,d,ad
m,as,f,d,ad
aa,m,c,d,ad
h,ak,f,d,ad
aa,ai,a,d,ad
l,s,c,d,ad
aa,ai,c,d,ad
v,r,c,d,ad
l,ae,f,d,ad
o,ae,c,d,ad
l,as,f,d,ad
l,s,c,d,ad
b,m,a,d,ad
s,as,f,d,ad
l,ae,f,d,ad
s,ae,a,d,ad
aa,m,c,d,ad
r,ae,c,d,ad
m,as,f,d,ad
a,ae,f,d,ad
b,ai,a,d,ad
aa,m,c,d,ad
l,as,f,d,ad
s,as,c,d,ad
b,as,a,d,ad
i,as,a,d,ad
l,as,f,d,ad
l,s,c,d,ad
b,ae,a,d,ad
aa,as,a,d,ad
b,ae,c,d,ad
l,s,c,d,ad
r,ae,c,d,ad
aa,as,d,d,ad
r,f,f,d,ad
l,r,f,d,ad
b,z,a,d,ad
i,as,a,d,ad
b,ai,a,d,ad
aa,ai,c,d,ad
t,av,c,d,ad
i,as,c,d,ad
o,ae,c,d,ad
l,as,f,d,ad
v,at,d,d,ad
b,as,c,d,ad
r,f,f,d,ad
b,as,c,d,ad
b,m,c,d,ad
l,ae,f,d,ad
aa,ay,c,d,ad
aa,as,c,d,ad
c,m,a,d,ad
b,m,a,d,ad
l,s,c,d,ad
aa,as,c,d,ad
v,k,a,d,ad
v,ae,c,d,ad
n,r,a,d,ad
r,f,f,d,ad
v,n,f,d,ad
b,ae,a,d,ad
k,s,c,d,ad
r,f,f,d,ad
l,as,f,d,ad
aa,ai,c,d,ad
i,ae,a,d,ad
l,as,f,d,ad
l,s,c,d,ad
aa,i,c,d,ad
a,ak,f,d,ad
b,as,a,d,ad
b,as,c,d,ad
r,f,f,d,ad
l,s,c,d,ad
s,as,c,d,ad
s,as,c,d,ad
u,ae,c,d,ad
aa,as,c,d,ad
aa,ai,c,d,ad
s,as,d,d,ad
aa,j,d,d,ad
b,as,c,d,ad
c,as,c,d,ae
w,n,f,d,ae
r,r,f,d,ae
l,r,f,d,ae
s,as,c,d,ae
s,m,c,d,ae
z,m,c,d,ae
aa,as,c,d,ae
s,as,c,d,ae
s,as,c,d,ae
r,r,f,d,ae
r,as,f,d,ae
l,as,f,d,ae
aa,as,c,d,ae
l,ae,f,d,ae
r,as,f,d,ae
v,at,d,d,ae
v,n,f,d,ae
r,ae,c,d,ae
c,ak,c,d,ae
l,as,f,d,ae
j,an,c,d,ae
i,ae,c,d,ae
e,as,c,d,ae
l,as,d,d,ae
s,as,c,d,ae
aa,as,c,d,ae
l,as,c,d,ae
z,ai,c,d,ae
aa,as,c,d,ae
aa,ai,c,d,ae
l,as,f,d,ae
s,as,a,d,ae
aa,as,c,d,ae
w,ak,f,d,ae
b,m,c,d,ae
aa,as,d,d,ae
r,d,f,d,ae
l,ae,f,d,ae
aa,as,c,d,ae
b,as,c,d,ae
l,as,f,d,ae
r,as,f,d,ae
aa,ai,c,d,ae
i,as,a,d,ae
t,as,d,d,ae
aa,e,c,d,ae
t,ae,c,d,ae
s,as,c,d,ae
z,as,c,d,ae
i,as,c,d,ae
l,ae,f,d,ae
aa,as,d,d,ae
b,m,c,d,ae
w,ak,f,d,ae
b,ae,c,d,ae
l,as,f,d,ae
aa,as,c,d,ae
l,n,f,d,ae
a,ak,f,d,ae
b,ai,c,d,ae
aa,ai,c,d,ae
v,r,c,d,ae
aa,as,d,d,ae
m,ae,c,d,ae
r,as,f,d,ae
v,ak,c,d,ae
aa,as,c,d,ae
l,as,f,d,ae
v,n,f,d,ae
b,m,c,d,ae
l,as,f,d,ae
b,a,c,d,ae
b,ae,c,d,ae
r,ae,f,d,ae
l,as,f,d,ae
t,r,c,d,ae
r,as,f,d,ae
b,g,d,d,ae
l,as,f,d,ae
aa,as,d,d,ae
s,ae,c,d,ae
i,as,a,d,ae
l,ae,f,d,ae
aa,as,c,d,ae
l,as,b,d,ae
b,ae,c,d,ae
l,as,f,d,ae
aa,f,c,d,ae
s,as,c,d,ae
aa,ay,c,d,ae
a,ak,f,d,ae
t,ak,c,d,ae
b,m,c,d,ae
b,aq,c,d,ae
r,ai,f,d,ae
y,b,c,d,ae
aa,as,c,d,ae
l,as,d,d,ae
t,al,b,d,ae
b,as,c,d,ae
s,as,c,d,ae
s,ae,c,d,ae
b,m,c,d,ae
h,as,f,d,ae
v,r,c,d,ae
o,q,f,d,ae
b,z,c,d,ae
l,as,f,d,ae
b,ae,c,d,ae
aa,as,c,d,ae
z,f,c,d,ae
s,as,c,d,ae
y,e,c,d,ae
aa,as,c,d,ae
a,ak,f,d,ae
b,i,c,d,ae
l,ae,f,d,ae
aa,ak,c,d,ae
v,as,f,d,ae
v,k,a,d,ae
s,as,c,d,ae
aa,as,c,d,ae
l,as,d,d,ae
m,aq,c,d,ae
aa,m,c,d,ae
l,ak,f,d,ae
aa,as,d,d,ae
s,as,c,d,ae
c,ae,c,d,ae
aa,as,d,d,ae
s,as,d,d,ae
s,as,c,d,ae
s,as,d,d,ae
a,ak,f,d,ae
j,n,c,d,ae
l,as,f,d,ae
b,ae,c,d,ae
o,f,f,d,ae
l,n,f,d,ae
r,i,f,d,ae
l,as,f,d,ae
aa,as,c,d,ae
u,ae,c,d,ae
b,as,c,d,ae
l,as,f,d,ae
b,ai,c,d,ae
l,as,f,d,ae
v,ak,c,d,ae
s,ae,c,d,ae
o,ai,f,d,ae
aa,as,d,d,ae
s,m,c,d,ae
aa,as,c,d,ae
z,m,c,d,ae
o,ai,f,d,ae
aa,as,c,d,ae
s,as,c,d,ae
aa,as,c,d,ae
v,as,c,d,ae
j,as,b,d,ae
aa,ai,c,d,ae
s,ae,c,d,ae
b,ai,c,d,ae
v,r,c,d,ae
b,m,c,d,ae
i,ae,c,d,ae
aa,m,c,d,ae
l,as,d,d,ae
aa,ai,c,d,ae
s,as,c,d,ae
b,ae,c,d,ae
i,as,c,d,ae
s,m,c,d,ae
a,ae,f,d,ae
b,aq,c,d,ae
s,as,d,d,ae
l,s,c,d,ae
s,as,c,d,ae
v,f,c,d,ae
k,as,c,d,ae
o,ai,f,d,ae
b,m,c,d,ae
b,as,c,d,ae
s,as,d,d,ae
b,as,c,d,ae
v,ak,c,d,ae
v,as,f,d,ae
b,as,c,d,ae
r,g,d,d,ae
b,ai,c,d,ae
m,as,c,d,ae
aa,ai,c,d,ae
aa,ai,c,d,ae
v,ai,f,d,ae
b,as,c,d,ae
s,as,c,d,ae
aa,as,d,d,ae
v,r,c,d,ae
l,as,f,d,ae
b,a,d,d,ae
u,as,c,d,ae
v,as,c,d,ae
v,ak,f,d,ae
v,at,d,d,ae
aa,ai,c,d,ah
b,as,c,d,ah
l,n,f,d,ah
b,ai,c,d,ah
l,as,f,d,ah
b,ae,c,d,ah
b,n,c,d,ah
v,r,c,d,ah
a,ag,f,d,ah
s,as,c,d,ah
r,d,f,d,ah
b,as,d,d,ah
s,ae,c,d,ah
aa,ae,c,d,ah
l,s,c,d,ah
l,ae,f,d,ah
b,m,c,d,ah
v,n,f,d,ah
b,as,c,d,ah
v,ai,c,d,ah
l,as,f,d,ah
s,as,f,d,ah
aa,ai,c,d,ah
aa,as,c,d,ah
r,as,f,d,ah
aa,f,c,d,ah
b,ai,c,d,ah
b,ae,c,d,ah
a,ak,f,d,ah
v,n,f,d,ah
o,z,d,d,ah
s,as,a,d,ah
aa,d,c,d,ah
l,ae,f,d,ah
b,as,c,d,ah
s,as,c,d,ah
b,as,c,d,ah
s,as,c,d,ah
s,as,c,d,ah
aa,m,c,d,ah
b,m,c,d,ah
l,ae,f,d,ah
i,as,c,d,ah
aa,as,c,d,ah
s,as,c,d,ah
b,ai,c,d,ah
o,ai,f,d,ah
aa,m,c,d,ah
a,ak,f,d,ah
b,m,c,d,ah
aa,ai,c,d,ah
l,ae,f,d,ah
aa,as,c,d,ah
aa,as,c,d,ah
s,m,c,d,ah
b,as,a,d,ah
r,as,f,d,ah
aa,ai,c,d,ah
u,as,c,d,ah
a,ak,f,d,ah
b,ae,c,d,ah
aa,as,c,d,ah
aa,as,e,d,ah
l,as,f,d,ah
aa,ai,c,d,ah
s,ae,c,d,ah
b,ae,c,d,ah
b,as,c,d,ah
r,ae,a,d,ah
u,as,c,d,ah
l,ae,f,d,ah
c,ae,a,d,ah
n,s,c,d,ah
b,ai,a,d,ah
l,ae,f,d,ah
w,ai,c,d,ah
o,ai,f,d,ah
s,as,c,d,ah
aa,ai,c,d,ah
c,as,c,d,ah
b,as,c,d,ah
l,ae,f,d,ah
i,as,c,d,ah
l,as,f,d,ah
v,ak,f,d,ah
s,ae,c,d,ah
aa,as,d,d,ah
l,n,f,d,ah
b,r,c,d,ah
l,as,f,d,l
aa,m,c,d,ah
s,as,c,d,ah
b,ai,c,d,ah
u,as,c,d,ah
aa,ai,c,d,ah
v,as,c,d,ah
i,as,c,d,ah
s,as,c,d,ah
b,ai,c,d,l
h,n,f,d,l
aa,as,d,d,l
c,ae,c,d,l
v,as,f,d,l
s,as,c,d,l
b,m,c,d,l
l,as,f,d,l
aa,as,c,d,l
o,as,d,d,l
s,m,c,d,l
a,ae,f,d,l
b,aq,a,d,l
z,as,c,d,l
v,r,a,d,l
b,ai,a,d,l
v,ae,f,d,l
i,as,c,d,l
v,ak,c,d,l
b,m,c,d,l
b,m,a,d,l
r,ai,f,d,l
s,as,c,d,l
v,n,f,d,l
f,ae,c,d,l
s,n,a,d,l
a,ak,f,d,l
s,as,c,d,l
v,e,c,d,l
aa,ak,c,d,l
w,n,f,d,l
b,ak,a,d,l
l,as,f,d,l
j,as,c,d,l
aa,ai,c,d,l
v,r,c,d,l
i,as,c,d,l
l,r,f,d,l
a,ak,f,d,l
s,as,c,d,l
j,ae,b,d,l
m,as,c,d,l
z,f,c,d,l
l,as,f,d,l
n,ae,a,d,l
s,ak,a,d,l
l,ae,f,d,l
i,as,a,d,l
l,ae,f,d,l
b,m,a,d,l
s,m,c,d,l
b,m,a,d,l
o,f,f,d,l
l,s,c,d,l
aa,ai,c,d,l
s,as,d,d,l
aa,as,d,d,l
v,n,f,d,l
b,ae,a,d,l
aa,as,d,d,l
l,as,f,d,l
b,m,a,d,l
l,as,d,d,l
s,ae,c,d,l
r,r,f,d,l
b,a,d,d,l
g,m,a,d,l
b,ai,a,d,l
s,as,c,d,l
b,i,a,d,l
aa,as,d,d,l
aa,f,c,d,l
s,as,c,d,l
v,ae,c,d,l
s,as,c,d,l
aa,m,c,d,l
c,r,a,d,l
v,as,f,d,l
b,ai,a,d,l
b,aq,a,d,l
r,ae,c,d,l
c,ak,a,d,l
z,e,c,d,l
l,ae,f,d,l
v,r,a,d,l
aa,as,c,d,l
b,m,c,d,l
a,ak,f,d,l
b,a,d,d,l
l,n,f,d,l
b,g,d,d,l
o,ai,f,d,l
v,r,a,d,l
r,ae,c,d,l
s,ae,c,d,l
aa,f,c,d,l
v,r,a,d,l
l,s,c,d,l
h,as,f,d,l
l,ae,f,d,l
i,as,a,d,l
v,ak,a,d,l
o,f,f,d,l
l,as,f,d,l
b,ae,a,d,l
i,as,a,d,l
r,e,f,d,l
v,t,c,d,l
b,ai,a,d,l
l,as,f,d,l
b,as,a,d,l
s,as,c,d,l
s,as,c,d,l
b,as,a,d,l
v,ae,a,d,l
aa,m,c,d,l
s,as,c,d,l
r,as,f,d,l
l,e,f,d,l
b,ai,a,d,l
l,as,f,d,l
r,r,f,d,l
b,f,a,d,l
aa,aq,a,d,l
b,m,a,d,l
aa,f,c,d,l
r,f,f,d,l
v,ak,f,d,l
i,ae,a,d,l
aa,m,c,d,l
l,s,c,d,l
v,r,c,d,l
b,ae,a,d,l
r,as,f,d,l
y,e,c,d,l
b,a,d,d,l
j,as,a,d,l
v,ak,c,d,l
o,as,f,d,l
c,ae,a,d,l
b,m,a,d,l
aa,as,a,d,l
h,as,f,d,l
aa,ai,c,d,l
e,as,a,d,l
b,ae,c,d,l
s,as,c,d,l
b,g,d,d,l
r,ae,c,d,l
s,f,f,d,l
l,as,f,d,l
s,as,c,d,l
i,z,c,d,l
a,ak,f,d,l
b,m,c,d,l
s,as,c,d,l
aa,e,a,d,l
s,as,c,d,l
b,m,c,d,l
v,r,c,d,l
aa,f,c,d,l
s,as,f,d,l
b,ae,a,d,l
l,as,f,d,l
aa,f,c,d,l
u,as,c,d,l
r,ak,f,d,l
o,as,d,d,l
r,e,f,d,l
v,n,f,d,l
aa,b,c,d,l
i,as,c,d,l
aa,as,c,d,l
k,as,d,d,l
b,ai,c,d,l
b,aq,c,d,l
b,m,c,d,l
w,f,c,d,l
v,r,c,d,l
s,as,c,d,l
l,as,c,d,l
r,f,f,d,l
v,r,c,d,l
b,ai,c,d,l
a,ak,f,d,l
aa,ai,a,d,l
l,n,f,d,l
aa,m,c,d,l
s,as,c,d,l
aa,as,d,d,l
b,m,c,d,l
h,as,f,d,l
v,e,c,d,l
h,ae,f,d,l
aa,ai,c,d,k
b,g,d,d,k
b,ae,a,d,k
f,ae,c,d,k
b,ai,c,d,k
aa,as,c,d,k
l,n,f,d,k
v,af,c,d,k
c,ae,a,d,k
aa,as,a,d,k
l,as,f,d,k
aa,ai,c,d,k
c,au,c,d,k
c,ae,c,d,k
r,ag,f,d,k
v,ak,f,d,k
j,r,c,d,k
s,m,c,d,k
l,ae,f,d,k
b,r,c,d,k
l,ae,f,d,k
i,as,c,d,k
s,as,d,d,k
aa,ay,c,d,k
m,as,c,d,k
s,as,c,d,k
l,n,f,d,k
aa,as,d,d,k
l,r,f,d,k
aa,as,c,d,k
l,as,f,d,k
l,ae,f,d,k
i,as,c,d,k
s,m,c,d,k
s,m,c,d,k
v,n,f,d,k
aa,as,c,d,k
s,as,c,d,k
v,ak,c,d,k
s,as,c,d,k
i,as,c,d,k
aa,as,c,d,k
aa,as,c,d,k
aa,ai,c,d,k
b,ae,c,d,k
a,as,f,d,k
l,ae,f,d,k
b,as,c,d,k
aa,ae,c,d,k
b,m,c,d,k
b,ai,c,d,k
b,as,c,d,k
i,as,c,d,k
l,as,f,d,k
s,as,c,d,k
a,ak,f,d,k
b,m,c,d,k
v,r,c,d,k
l,n,f,d,k
a,ak,f,d,k
b,ai,c,d,k
s,as,c,d,k
l,ae,d,d,k
aa,aq,b,d,k
s,e,f,d,k
aa,ae,c,d,k
aa,ai,a,d,k
s,as,c,d,k
aa,ay,c,d,k
a,ak,f,d,k
aa,as,c,d,k
k,ae,c,d,k
l,n,f,d,k
aa,ae,c,d,k
v,r,c,d,k
b,ak,c,d,k
aa,as,c,d,k
i,as,c,d,k
aa,as,e,d,k
n,as,f,d,k
aa,as,d,d,k
c,as,c,d,k
v,ae,f,d,k
b,ai,c,d,k
u,m,c,d,k
b,ak,c,d,k
aa,as,c,d,k
b,ai,c,d,k
c,s,a,d,k
l,as,d,d,k
aa,as,c,d,k
aa,ay,c,d,k
s,as,c,d,k
h,as,f,d,k
s,as,c,d,k
aa,as,d,d,k
s,as,c,d,k
aa,aq,c,d,k
l,ak,f,d,k
aa,as,d,d,k
m,s,c,d,k
b,r,c,d,k
s,as,c,d,k
aa,z,c,d,k
aa,as,c,d,k
b,ae,c,d,k
s,ae,c,d,k
c,m,c,d,k
b,ae,c,d,k
b,aq,c,d,k
l,ae,f,d,k
aa,n,c,d,k
e,as,d,d,k
l,as,f,d,k
u,as,d,d,k
j,r,c,d,k
aa,ae,c,d,k
aa,ai,c,d,k
aa,as,d,d,k
a,ak,f,d,k
b,aq,c,d,k
l,ae,f,d,k
aa,as,c,d,k
s,as,c,d,k
aa,ay,c,d,k
l,x,f,d,k
b,i,c,d,k
v,ae,f,d,k
e,as,c,d,k
b,m,c,d,k
v,n,f,d,k
w,ae,f,d,k
aa,as,c,d,k
s,as,c,d,k
aa,as,c,d,k
o,ai,f,d,k
l,s,c,d,k
l,as,f,d,k
l,ae,f,d,k
i,as,c,d,k
aa,aq,c,d,k
s,as,c,d,k
v,ak,c,d,k
s,as,c,d,k
v,r,c,d,k
aa,ae,c,d,k
aa,as,c,d,k
l,n,f,d,k
aa,as,c,d,k
aa,aq,a,d,k
l,ae,f,d,k
aa,aq,d,d,k
v,n,f,d,k
s,as,c,d,k
s,as,c,d,k
i,as,c,d,k
aa,as,c,d,k
w,as,d,d,k
b,ai,c,d,k
b,aq,c,d,k
u,m,c,d,k
aa,an,c,d,k
p,r,c,d,k
aa,ai,c,d,k
v,r,c,d,k
s,m,c,d,k
aa,as,c,d,k
l,ak,f,d,k
aa,as,c,d,k
i,ae,c,d,k
aa,ae,c,d,k
aa,ai,c,d,k
i,as,b,d,k
s,m,c,d,k
l,n,f,d,k
v,a,b,d,k
aa,b,c,d,k
b,m,c,d,n
aa,ay,c,d,n
aa,as,c,d,n
b,ai,c,d,n
l,n,f,d,n
b,as,c,d,n
s,m,c,d,n
a,ak,f,d,n
v,ak,c,d,n
aa,f,c,d,n
i,as,c,d,n
l,ae,f,d,n
i,as,c,d,n
b,m,c,d,n
c,m,c,d,n
aa,as,c,d,n
b,as,c,d,n
v,ak,c,d,n
aa,ay,c,d,n
v,k,c,d,n
v,ak,f,d,n
b,ae,c,d,n
b,ai,c,d,n
aa,as,c,d,n
aa,f,c,d,n
l,n,f,d,n
s,as,c,d,n
aa,g,c,d,n
w,av,c,d,n
aa,ai,c,d,n
i,ae,c,d,n
b,as,c,d,n
l,as,f,d,n
i,as,c,d,n
b,ae,c,d,n
u,ak,c,d,n
l,s,c,d,n
b,ai,c,d,n
s,as,c,d,n
b,m,c,d,n
b,m,c,d,n
a,ak,f,d,n
aa,ay,c,d,n
aa,as,d,d,n
s,as,c,d,n
i,as,c,d,n
l,s,c,d,n
z,as,c,d,n
aa,as,c,d,n
l,as,f,d,n
v,ae,c,d,n
i,as,c,d,n
l,as,f,d,n
aa,ai,c,d,n
v,n,f,d,n
f,ak,c,d,n
m,as,c,d,n
l,ae,f,d,n
aa,as,c,d,n
aa,as,c,d,n
s,as,c,d,n
aa,as,c,d,n
l,ae,f,d,n
h,s,c,d,n
v,r,c,d,n
v,e,c,d,n
b,a,c,d,n
i,ae,c,d,n
a,ak,f,d,n
l,as,f,d,n
aa,as,c,d,n
s,m,c,d,n
v,e,c,d,n
l,as,f,d,n
b,i,c,d,n
l,as,f,d,n
l,s,c,d,n
b,m,c,d,n
r,ai,f,d,n
b,g,d,d,n
l,as,f,d,n
aa,ae,c,d,n
aa,ai,c,d,n
n,as,c,d,n
s,as,c,d,n
l,as,f,d,n
aa,m,c,d,n
aa,m,c,d,n
b,ae,c,d,n
v,ak,f,d,n
s,as,c,d,n
v,r,c,d,n
b,m,c,d,n
r,ae,c,d,n
s,as,c,d,n
aa,as,c,d,n
aa,ai,c,d,n
b,ai,c,d,n
aa,ae,c,d,n
aa,ai,c,d,n
a,ak,f,d,n
r,r,c,d,n
b,a,a,d,n
s,as,c,d,n
v,n,f,d,n
aa,ai,c,d,n
aa,as,c,d,n
l,as,f,d,n
s,ak,c,d,n
i,as,c,d,n
aa,aq,c,d,n
l,s,c,d,n
l,as,f,d,n
s,as,d,d,n
b,a,a,d,n
l,as,f,d,n
b,i,c,d,n
i,ae,c,d,n
aa,ae,c,d,n
l,r,f,d,n
b,m,c,d,n
v,r,c,d,n
b,a,c,d,n
aa,ai,c,d,n
aa,as,c,d,n
v,e,c,d,n
l,s,c,d,n
v,ak,f,d,n
v,n,f,d,n
a,ak,f,d,n
aa,q,c,d,n
a,ak,f,d,n
aa,as,c,d,n
l,n,f,d,n
b,ae,c,d,n
s,as,g,d,n
e,as,c,d,n
v,as,c,d,n
l,as,f,d,n
b,m,c,d,n
s,as,g,d,n
aa,ay,g,d,n
l,as,f,d,n
r,ai,f,d,n
b,m,c,d,n
r,ak,f,d,n
i,as,c,d,n
s,ae,g,d,n
b,a,a,d,n
b,ai,c,d,n
s,as,c,d,n
b,m,c,d,n
b,m,c,d,n
s,as,c,d,n
b,as,c,d,n
s,as,c,d,n
a,x,f,d,n
b,m,c,d,n
c,r,c,d,n
aa,ai,c,d,n
i,ae,c,d,n
s,as,g,d,n
b,ai,c,d,n
b,ak,c,d,n
h,as,a,d,n
m,s,c,d,n
aa,ai,g,d,n
c,as,c,d,n
d,as,d,d,n
l,ae,f,d,n
i,as,c,d,n
s,ae,g,d,n
aa,as,g,d,n
s,h,f,d,n
g,ae,c,d,n
b,i,c,d,n
aa,ay,c,d,n
v,ae,c,d,n
aa,as,g,d,n
l,ae,f,d,n
w,ai,e,d,n
i,as,c,d,n
s,as,g,d,n
i,as,c,d,n
l,ae,f,d,n
v,n,f,d,n
aa,as,d,d,n
r,as,b,d,n
b,m,c,d,n
l,as,f,d,n
aa,m,c,d,n
b,m,c,d,n
m,ap,f,d,n
r,ae,g,d,n
v,ak,f,d,n
s,as,g,d,n
a,ak,f,d,n
aa,m,g,d,n
b,ae,c,d,n
aa,as,a,d,n
s,as,g,d,n
z,ai,e,d,n
s,as,c,d,n
s,e,f,d,n
b,ae,c,d,n
aa,as,a,d,n
aa,m,g,d,n
aa,as,c,d,n
b,ai,c,d,n
r,ak,f,d,n
b,m,c,d,n
b,m,c,d,n
aa,as,g,d,m
aa,n,e,d,m
h,as,f,d,m
r,g,a,d,m
a,as,f,d,m
r,i,f,d,m
aa,as,a,d,m
s,m,c,d,m
b,m,c,d,m
aa,as,c,d,m
aa,as,c,d,m
aa,as,g,d,m
b,m,c,d,m
l,as,f,d,m
aa,ae,c,d,m
l,as,c,d,m
s,as,g,d,m
aa,m,e,d,m
aa,ay,c,d,m
b,m,c,d,m
l,as,f,d,m
aa,m,c,d,m
v,e,c,d,m
s,as,g,d,m
i,as,c,d,m
c,ae,c,d,m
aa,as,c,d,m
l,ak,f,d,m
b,a,a,d,m
aa,as,e,d,m
s,h,a,d,m
b,ai,c,d,m
s,as,g,d,m
b,m,c,d,m
v,as,f,d,m
i,as,c,d,m
b,m,c,d,m
v,ak,d,d,m
aa,ai,g,d,m
l,n,f,d,m
aa,ai,e,d,m
l,as,f,d,m
z,ai,e,d,m
r,d,f,d,m
s,as,c,d,m
s,as,g,d,m
r,d,f,d,m
aa,ai,g,d,m
m,s,c,d,m
g,a,a,d,m
s,as,g,d,m
aa,as,c,d,m
a,as,e,d,m
b,e,c,d,m
y,aq,c,d,m
v,ak,f,d,m
s,as,g,d,m
s,as,g,d,m
s,as,g,d,m
s,as,g,d,m
m,as,e,d,m
t,as,d,d,m
s,as,d,d,m
l,as,f,d,m
s,n,f,d,m
e,as,c,d,m
aa,ai,e,d,m
s,ae,g,d,m
l,s,c,d,m
aa,ai,e,d,m
s,as,g,d,m
w,ak,f,d,m
b,ai,c,d,m
h,n,f,d,m
l,s,c,d,m
i,as,c,d,m
i,as,c,d,m
b,ai,c,d,m
aa,an,e,d,m
l,ae,f,d,m
a,f,f,d,m
v,n,f,d,m
s,as,c,d,m
b,i,c,d,m
l,ak,f,d,m
i,as,c,d,m
aa,ay,e,d,m
s,as,c,d,m
r,ak,f,d,m
aa,aq,c,d,m
l,as,f,d,m
v,r,c,d,m
aa,ai,c,d,m
i,ae,c,d,m
i,as,c,d,m
s,as,g,d,m
l,ae,f,d,m
i,as,c,d,m
v,r,c,d,m
r,e,f,d,m
i,as,c,d,m
aa,d,e,d,m
aa,ai,c,d,m
s,as,d,d,m
b,as,c,d,m
aa,as,e,d,m
o,f,f,d,m
aa,as,e,d,m
b,ae,c,d,m
l,as,f,d,m
v,ae,c,d,m
b,aq,c,d,m
v,ak,f,d,m
s,as,g,d,m
i,ae,c,d,m
aa,m,a,d,m
aa,ai,e,d,m
b,a,a,d,m
s,as,e,d,m
l,s,c,d,m
aa,as,a,d,m
a,ak,f,d,m
aa,ae,e,d,m
b,ai,c,d,m
s,as,e,d,m
b,ai,c,d,m
s,as,c,d,m
aa,ai,e,d,m
s,as,e,d,m
b,ae,c,d,m
e,as,c,d,m
r,i,f,d,m
aa,ay,e,d,m
b,m,c,d,m
w,ae,g,d,m
aa,ai,e,d,m
b,as,a,d,m
b,ai,c,d,m
i,ai,a,d,m
aa,as,e,d,m
b,ak,c,d,m
s,as,e,d,m
aa,as,e,d,m
v,as,d,d,m
v,ae,e,d,m
i,as,a,d,m
aa,as,e,d,m
b,ai,a,d,m
aa,e,e,d,m
aa,m,e,d,m
b,ak,a,d,m
o,f,f,d,m
s,as,e,d,m
b,ae,a,d,m
v,r,a,d,m
b,m,a,d,m
aa,as,a,d,m
a,ak,f,d,m
i,as,a,d,m
c,r,a,d,m
r,ae,e,d,m
v,a,b,d,m
i,as,a,d,m
aa,as,a,d,m
l,ae,f,d,m
s,as,c,d,m
b,m,a,d,m
l,n,f,d,m
l,q,f,d,m
l,as,f,d,m
b,m,a,d,m
l,as,f,d,m
aa,as,a,d,m
s,as,e,d,m
a,l,b,d,m
r,ae,f,d,m
aa,ai,c,d,m
l,as,c,d,m
aa,ai,c,d,m
v,r,a,d,m
b,ae,a,d,m
s,as,c,d,m
v,k,a,d,m
i,as,a,d,m
aa,f,c,d,m
v,e,c,d,m
i,as,a,d,m
z,as,a,d,m
l,ae,f,d,m
aa,as,a,d,m
s,as,d,d,m
ab,ai,f,d,m
r,ai,f,d,m
aa,f,c,d,m
o,f,f,d,m
i,as,c,d,m
s,ae,e,d,m
j,ai,a,d,m
l,ae,f,d,m
a,ak,f,d,m
s,as,c,d,m
aa,i,c,d,m
aa,as,a,d,m
i,as,a,d,m
l,s,c,d,m
l,as,f,d,m
c,ae,c,d,m
b,as,a,d,m
l,n,f,d,p
b,ai,a,d,p
v,ae,a,d,p
aa,as,c,d,p
l,as,f,d,p
aa,as,c,d,p
b,m,a,d,p
v,r,a,d,p
a,ak,f,d,p
aa,as,c,d,p
b,m,a,d,p
n,s,c,d,p
r,ak,f,d,p
s,ae,c,d,p
aa,as,d,d,p
i,as,a,d,p
l,ak,e,d,p
b,i,a,d,p
t,ak,f,d,p
i,as,a,d,p
aa,ay,c,d,p
v,r,c,d,p
aa,ak,a,d,p
i,as,a,d,p
l,ak,f,d,p
s,as,c,d,p
o,f,f,d,p
c,ae,a,d,p
aa,m,a,d,p
l,ae,f,d,p
i,as,a,d,p
aa,as,a,d,p
v,r,c,d,p
w,ai,f,d,p
l,s,c,d,p
b,ak,a,d,p
c,as,a,d,p
l,ak,f,d,p
aa,ay,c,d,p
b,as,a,d,p
c,as,a,d,p
l,as,f,d,p
v,n,f,d,p
i,as,a,d,p
aa,ai,c,d,p
s,as,c,d,p
b,ai,a,d,p
v,as,d,d,p
a,r,f,d,p
b,ae,a,d,p
b,ai,a,d,p
l,e,f,d,p
b,m,a,d,p
a,p,f,d,p
b,m,a,d,p
v,a,b,d,p
c,m,a,d,p
aa,as,c,d,p
s,as,c,d,p
s,as,c,d,p
aa,as,c,d,p
l,ae,f,d,p
i,as,a,d,p
aa,ai,c,d,p
s,as,c,d,p
c,n,a,d,p
ab,ai,f,d,p
s,m,a,d,p
l,ae,f,d,p
aa,as,a,d,p
i,as,a,d,p
l,as,f,d,p
aa,as,c,d,p
s,as,c,d,p
i,ai,a,d,p
m,ak,f,d,p
s,as,c,d,p
i,as,a,d,p
aa,ak,c,d,p
aa,ai,c,d,p
b,m,a,d,p
o,aq,d,d,p
u,as,c,d,p
b,a,a,d,p
s,as,c,d,p
b,m,a,d,p
i,as,a,d,p
l,as,f,d,p
aa,ai,c,d,p
aa,as,c,d,p
aa,as,c,d,p
v,ak,f,d,p
aa,r,c,d,p
aa,as,c,d,p
b,m,a,d,p
aa,as,c,d,p
aa,as,c,d,p
s,as,c,d,p
r,r,f,d,p
v,k,a,d,p
l,ak,f,d,p
i,as,a,d,p
s,as,c,d,p
l,s,c,d,p
i,as,a,d,p
aa,ai,c,d,p
v,as,e,d,p
aa,as,c,d,p
z,f,c,d,p
v,r,a,d,p
s,as,c,d,p
aa,as,c,d,p
i,as,a,d,p
c,m,a,d,p
v,as,f,d,p
aa,aq,c,d,p
c,ae,c,d,p
s,as,c,d,p
b,ai,a,d,p
aa,as,c,d,p
v,r,a,d,p
t,ae,d,d,p
l,ae,f,d,p
s,n,c,d,p
i,as,c,d,p
l,as,f,d,p
s,ae,c,d,p
w,as,f,d,p
r,as,f,d,p
s,as,c,d,p
s,as,c,d,p
v,r,a,d,p
c,ae,c,d,p
b,aq,c,d,p
aa,as,c,d,p
a,ak,f,d,p
b,aq,c,d,p
v,as,f,d,p
aa,ai,c,d,p
l,as,f,d,p
aa,as,c,d,p
s,as,c,d,p
r,as,c,d,p
aa,as,c,d,p
aa,d,c,d,p
aa,as,c,d,p
w,ak,b,d,p
aa,as,c,d,p
y,aq,c,d,p
b,ai,c,d,p
o,ai,f,d,p
aa,as,c,d,p
s,as,c,d,p
a,r,f,d,p
v,ae,c,d,p
r,as,f,d,p
s,as,c,d,p
b,a,a,d,p
aa,ak,c,d,p
b,m,c,d,p
m,s,c,d,p
aa,as,c,d,p
aa,as,c,d,p
s,ae,c,d,p
b,ae,c,d,p
aa,ai,c,d,p
aa,as,c,d,p
l,ae,f,d,p
s,n,c,d,p
m,as,c,d,p
h,ae,f,d,p
b,f,c,d,p
b,n,c,d,p
aa,as,c,d,p
v,ac,f,d,p
s,as,c,d,p
s,as,c,d,p
a,ai,f,d,p
s,as,c,d,p
b,aq,c,d,p
l,as,f,d,p
b,ae,c,d,p
l,ae,f,d,p
aa,aq,c,d,p
s,n,f,d,p
aa,ay,c,d,p
b,m,c,d,p
o,f,f,d,p
s,as,c,d,p
aa,ai,c,d,p
w,ak,f,d,p
v,ae,c,d,p
aa,as,c,d,p
t,h,f,d,p
b,as,d,d,p
aa,ai,c,d,p
aa,as,c,d,p
s,as,c,d,p
aa,as,c,d,p
v,k,a,d,p
aa,as,c,d,p
b,m,c,d,p
l,ae,f,d,p
s,as,c,d,p
r,ae,c,d,p
b,ai,c,d,p
r,ai,f,d,p
s,e,f,d,p
aa,ai,c,d,q
l,as,f,d,q
v,r,c,d,q
aa,as,c,d,q
l,as,f,d,q
n,ae,c,d,q
l,ae,f,d,q
aa,ae,c,d,q
aa,ai,c,d,q
a,ak,f,d,q
l,ae,f,d,q
l,as,f,d,q
i,as,c,d,q
f,b,c,d,q
l,as,f,d,q
aa,as,c,d,q
r,ai,f,d,q
i,as,c,d,q
v,ae,c,d,q
s,m,c,d,q
aa,as,c,d,q
l,as,f,d,q
aa,ai,c,d,q
aa,ai,c,d,q
a,ak,f,d,q
t,ae,f,d,q
i,as,c,d,q
b,ai,c,d,q
a,ak,f,d,q
c,r,c,d,q
b,ai,c,d,q
v,k,a,d,q
b,m,c,d,q
a,ae,f,d,q
c,m,c,d,q
aa,as,c,d,q
l,z,f,d,q
aa,as,c,d,q
v,ae,c,d,q
v,r,c,d,q
a,f,f,d,q
i,as,c,d,q
s,ae,c,d,q
a,ak,f,d,q
c,m,c,d,q
r,x,f,d,q
l,as,f,d,q
l,s,c,d,q
b,m,c,d,q
b,ai,c,d,q
b,e,c,d,q
aa,as,c,d,q
l,as,f,d,q
r,as,f,d,q
s,n,f,d,q
v,r,c,d,q
aa,ai,c,d,q
e,as,c,d,q
j,ae,d,d,q
a,ak,f,d,q
s,as,c,d,q
b,m,c,d,q
l,s,c,d,q
aa,aq,c,d,q
i,as,c,d,q
c,ae,c,d,q
aa,m,c,d,q
s,as,c,d,q
v,e,c,d,q
aa,as,c,d,q
p,ae,c,d,q
s,e,f,d,q
o,ai,f,d,q
s,as,c,d,q
a,as,f,d,q
z,as,c,d,q
l,as,f,d,q
b,ai,c,d,q
i,as,c,d,q
l,ae,f,d,q
c,m,c,d,q
l,ae,f,d,q
v,e,c,d,q
aa,ai,c,d,q
p,as,d,d,q
l,s,c,d,q
b,ai,c,d,q
f,as,a,d,q
c,ae,c,d,q
s,ae,c,d,q
v,as,f,d,q
b,m,c,d,q
s,as,c,d,q
aa,ai,c,d,q
aa,ay,c,d,q
v,k,a,d,q
aa,ai,c,d,q
a,as,f,d,q
c,m,c,d,q
h,as,f,d,q
aa,ai,c,d,q
b,ae,c,d,q
n,as,f,d,q
aa,as,c,d,q
v,r,c,d,q
b,m,c,d,q
s,as,c,d,q
aa,as,c,d,q
b,a,a,d,q
aa,as,c,d,q
aa,as,c,d,q
r,ai,c,d,q
l,as,f,d,q
r,as,f,d,q
l,n,f,d,q
o,as,d,d,q
b,ai,b,d,q
i,as,c,d,q
s,as,c,d,q
v,n,f,d,q
r,as,f,d,q
o,ae,f,d,q
s,as,c,d,q
a,f,f,d,q
b,aa,c,d,q
b,ae,c,d,q
w,ae,c,d,q
m,as,f,d,q
c,s,c,d,q
s,as,c,d,q
r,ai,f,d,q
s,as,c,d,q
r,as,f,d,q
s,as,c,d,q
aa,ai,c,d,q
i,as,c,d,q
l,as,d,d,q
i,as,c,d,q
b,ai,a,d,q
v,as,c,d,q
o,f,f,d,q
v,ak,f,d,q
b,i,a,d,q
n,as,c,d,q
o,f,f,d,q
l,s,c,d,q
l,as,f,d,q
l,ak,f,d,q
a,as,f,d,q
s,as,c,d,q
aa,as,c,d,q
r,r,f,d,q
b,ai,a,d,q
v,ak,c,d,q
c,ae,a,d,q
aa,as,c,d,q
s,as,c,d,q
v,ai,f,d,q
i,as,a,d,q
w,ac,c,d,q
b,ai,a,d,q
r,f,f,d,q
v,n,f,d,q
o,ae,c,d,q
b,m,a,d,q
aa,ai,a,d,q
b,ae,a,d,q
v,r,c,d,q
r,d,f,d,q
b,ae,a,d,q
a,ak,f,d,q
b,ai,a,d,q
m,as,c,d,q
v,k,a,d,q
aa,ai,a,d,q
aa,ai,c,d,q
k,ak,a,d,q
l,as,f,d,q
aa,as,c,d,q
c,m,c,d,q
l,as,f,d,q
s,as,c,d,q
i,as,a,d,q
w,ac,f,d,q
b,ai,a,d,q
v,r,a,d,q
v,ai,f,d,q
l,as,f,d,q
s,ae,c,d,q
s,as,c,d,q
a,ak,f,d,q
r,t,a,d,q
c,m,a,d,q
r,as,f,d,q
s,n,f,d,q
aa,as,c,d,q
v,e,c,d,q
b,ai,a,d,q
v,r,a,d,q
aa,ai,c,d,q
v,k,a,d,q
c,m,a,d,q
r,as,f,d,q
l,s,c,d,q
l,ae,f,d,q
s,ae,c,d,q
aa,as,c,d,q
w,ak,c,d,q
aa,ai,c,d,q
b,m,a,d,q
aa,ai,c,d,q
l,s,c,d,q
b,ai,a,d,q
b,ai,a,d,q
v,ai,c,d,q
s,as,c,d,q
r,ai,f,d,q
l,as,d,d,q
s,as,c,d,q
aa,as,a,d,q
l,n,f,d,s
aa,as,c,d,s
s,as,c,d,s
b,a,c,d,s
b,as,a,d,s
u,as,c,d,s
i,as,a,d,s
l,ae,f,d,s
v,aw,d,d,s
i,as,a,d,s
aa,ay,c,d,s
l,as,d,d,s
aa,ai,c,d,s
l,as,f,d,s
v,as,f,d,s
aa,m,c,d,s
b,m,a,d,s
v,as,f,d,s
s,as,c,d,s
z,ai,c,d,s
c,s,c,d,s
aa,ay,c,d,s
c,m,a,d,s
z,ai,c,d,s
v,ae,a,d,s
aa,as,c,d,s
a,ak,f,d,s
l,as,f,d,s
h,ae,f,d,s
f,ae,c,d,s
s,as,c,d,s
v,aw,d,d,s
o,f,f,d,s
aa,ai,c,d,s
v,r,a,d,s
b,c,a,d,s
aa,as,c,d,s
aa,ai,c,d,s
aa,aq,a,d,s
r,r,f,d,s
aa,ai,c,d,s
b,r,a,d,s
s,as,c,d,s
aa,as,c,d,s
s,as,a,d,s
t,n,f,d,s
l,as,f,d,s
l,s,c,d,s
s,as,c,d,s
o,f,f,d,s
l,ae,f,d,s
r,as,f,d,s
v,ae,f,d,s
o,as,a,d,s
v,ak,f,d,s
ab,ae,f,d,s
l,as,f,d,s
b,ae,a,d,s
w,ak,c,d,s
v,as,a,d,s
r,f,f,d,s
z,as,c,d,s
r,as,f,d,s
l,ae,f,d,s
b,aq,a,d,s
b,m,a,d,s
v,r,a,d,s
r,ae,c,d,s
s,as,c,d,s
aa,as,c,d,s
l,n,f,d,s
u,ak,c,d,s
i,as,a,d,s
l,as,f,d,s
b,as,a,d,s
aa,ai,c,d,s
s,as,c,d,s
r,as,f,d,s
s,as,c,d,s
aa,m,c,d,s
s,as,c,d,s
b,ae,a,d,s
s,as,c,d,s
a,ak,f,d,s
v,r,a,d,s
r,ae,c,d,s
b,ai,a,d,s
i,as,a,d,s
aa,ai,c,d,s
z,ai,c,d,s
b,ai,a,d,s
v,ak,f,d,s
m,as,c,d,s
aa,as,c,d,s
r,e,f,d,s
w,ae,c,d,s
r,r,f,d,s
l,as,f,d,s
v,e,c,d,s
r,e,f,d,s
s,ae,c,d,s
v,r,a,d,s
aa,ai,c,d,s
l,as,f,d,s
r,d,f,d,s
r,ae,f,d,s
v,ak,c,d,s
l,s,c,d,s
g,ak,a,d,s
s,as,c,d,s
i,as,a,d,s
v,ae,c,d,s
s,aq,f,d,s
b,ai,a,d,s
aa,ai,c,d,s
s,as,c,d,s
s,as,c,d,s
a,r,f,d,s
a,ak,f,d,s
v,ae,c,d,s
r,ae,c,d,s
u,as,c,d,s
s,as,a,d,s
l,ae,f,d,s
b,a,c,d,s
v,n,f,d,s
b,ae,a,d,s
r,r,f,d,s
l,ak,f,d,s
s,as,g,d,s
l,as,a,d,s
s,ae,c,d,s
i,as,a,d,s
l,as,f,d,s
a,r,f,d,s
v,as,c,d,s
aa,ae,c,d,s
z,ai,c,d,s
v,ak,f,d,s
v,r,a,d,s
r,as,f,d,s
i,as,a,d,s
aa,ai,c,d,s
i,as,c,d,s
s,ae,c,d,s
i,as,c,d,s
l,ae,f,d,s
b,ak,d,d,s
s,ae,c,d,s
b,a,c,d,s
l,ae,f,d,s
s,as,c,d,s
aa,aq,a,d,s
r,ak,f,d,s
aa,as,c,d,s
aa,as,c,d,s
s,as,c,d,s
r,r,f,d,s
c,ae,c,d,s
b,as,a,d,s
v,ae,c,d,s
i,as,a,d,s
e,as,c,d,s
c,n,c,d,s
s,as,a,d,s
l,ae,f,d,s
r,as,f,d,s
s,as,c,d,s
l,ae,f,d,s
b,as,c,d,s
v,ae,c,d,s
aa,ai,c,d,s
s,as,g,d,s
a,ak,f,d,s
s,as,g,d,s
v,ak,g,d,s
aa,ai,g,d,s
v,ae,g,d,s
c,m,c,d,s
r,aw,d,d,s
b,ae,c,d,s
p,as,c,d,s
o,f,f,d,s
i,as,c,d,s
c,m,c,d,s
i,as,c,d,s
a,ak,f,d,s
l,as,f,d,s
i,as,c,d,s
l,ae,f,d,s
v,r,a,d,s
a,ae,f,d,s
r,ae,c,d,s
c,ac,c,d,s
s,as,g,d,s
c,m,c,d,s
b,e,a,d,s
v,e,c,d,s
z,ae,g,d,s
v,n,f,d,s
b,r,c,d,s
i,ae,c,d,s
r,d,f,d,s
l,as,f,d,s
a,ak,f,d,s
s,as,g,d,s
i,as,c,d,s
v,k,c,d,s
v,ae,c,d,s
b,e,c,d,s
z,ai,g,d,s
v,r,c,d,s
aa,n,c,d,s
l,as,f,d,s
v,r,c,d,r
i,as,c,d,r
l,as,f,d,r
r,as,f,d,r
l,q,f,d,r
z,ai,g,d,r
v,n,f,d,r
aa,ai,g,d,r
a,ak,f,d,r
s,as,c,d,r
aa,ai,g,d,r
a,ae,f,d,r
s,as,g,d,r
b,as,c,d,r
s,as,g,d,r
s,as,c,d,r
aa,as,g,d,r
b,as,c,d,r
w,n,f,d,r
r,ag,f,d,r
b,ai,c,d,r
aa,ay,g,d,r
a,as,f,d,r
b,ai,c,d,r
l,as,f,d,r
s,as,c,d,r
v,al,b,d,r
s,n,g,d,r
r,as,f,d,r
v,r,c,d,r
w,ai,c,d,r
l,as,f,d,r
b,ai,c,d,r
s,ae,g,d,r
b,a,c,d,r
v,ak,g,d,r
r,as,f,d,r
i,as,c,d,r
w,a,b,d,r
aa,ai,g,d,r
a,ak,f,d,r
l,s,c,d,r
c,m,c,d,r
s,as,g,d,r
i,as,c,d,r
r,r,f,d,r
v,n,f,d,r
v,e,c,d,r
s,as,g,d,r
b,as,c,d,r
l,as,f,d,r
aa,as,g,d,r
s,as,g,d,r
b,aq,c,d,r
l,as,f,d,r
b,ai,a,d,r
s,as,g,d,r
aa,i,g,d,r
aa,ai,g,d,r
t,n,f,d,r
v,t,c,d,r
aa,as,g,d,r
s,as,g,d,r
v,t,c,d,r
l,as,f,d,r
aa,as,d,d,r
s,as,g,d,r
v,a,b,d,r
i,as,c,d,r
s,n,f,d,r
v,t,c,d,r
m,as,c,d,r
b,as,c,d,r
s,as,g,d,r
b,ai,c,d,r
aa,as,g,d,r
i,as,c,d,r
a,ak,f,d,r
aa,ay,g,d,r
aa,m,g,d,r
c,ae,c,d,r
l,ae,f,d,r
b,ai,c,d,r
i,ae,c,d,r
s,as,g,d,r
o,ae,c,d,r
t,n,f,d,r
b,ai,c,d,r
s,as,g,d,r
f,f,c,d,r
aa,as,g,d,r
s,as,c,d,r
l,t,b,d,r
b,m,c,d,r
r,ag,f,d,r
n,r,d,d,r
aa,ai,g,d,r
a,ak,f,d,r
b,m,c,d,r
v,n,f,d,r
b,ae,c,d,r
l,ak,f,d,r
aa,ai,g,d,r
a,ak,f,d,r
c,ae,c,d,r
r,ai,f,d,r
i,as,c,d,r
a,aq,d,d,r
b,ai,c,d,r
b,m,c,d,r
f,aq,c,d,r
r,as,f,d,r
v,k,c,d,r
aa,ai,g,d,r
b,m,c,d,r
w,ak,g,d,r
aa,ai,g,d,r
a,as,d,d,r
aa,m,g,d,r
l,s,c,d,r
z,ai,g,d,r
s,n,f,d,r
i,as,c,d,r
r,r,f,d,r
l,as,c,d,r
aa,as,g,d,r
v,e,c,d,r
k,as,d,d,r
b,m,c,d,r
j,ae,c,d,r
f,ae,g,d,r
l,s,c,d,r
o,aq,d,d,r
u,as,g,d,r
s,as,g,d,r
aa,ai,c,d,r
i,as,a,d,r
aa,as,g,d,r
v,ae,g,d,r
b,k,c,d,r
l,as,f,d,r
aa,ai,g,d,r
aa,as,c,d,r
l,as,f,d,r
y,ac,c,d,r
s,ak,c,d,r
aa,as,c,d,r
s,as,g,d,r
l,as,f,d,r
b,r,c,d,r
c,ae,c,d,r
l,ae,f,d,r
aa,as,g,d,r
w,ak,f,d,r
aa,ai,g,d,r
aa,ai,c,d,r
s,as,g,d,r
v,ai,g,d,r
aa,ai,c,d,r
r,ak,f,d,r
s,n,g,d,r
c,as,c,d,r
l,as,f,d,r
b,ai,a,d,r
b,ai,c,d,r
s,as,c,d,r
aa,ai,g,d,r
l,ap,f,d,r
v,ai,f,d,r
o,a,b,d,r
aa,as,g,d,r
s,ak,g,d,r
s,as,g,d,r
r,ak,f,d,r
s,as,g,d,r
h,as,f,d,r
v,r,c,d,r
b,m,a,d,r
r,as,f,d,r
u,as,g,d,r
l,as,f,d,r
v,k,c,d,r
aa,ay,g,d,r
i,as,c,d,r
v,t,c,d,r
b,ai,a,d,r
l,ae,f,d,r
r,t,d,d,r
l,ag,f,d,r
u,ae,g,d,r
l,ak,f,d,r
aa,as,g,d,r
v,n,f,d,r
v,ak,f,d,r
b,aq,a,d,r
s,as,g,d,r
aa,as,g,d,r
v,ae,c,d,r
s,as,g,d,r
l,as,f,d,r
s,ae,g,d,r
v,k,d,d,r
s,as,g,d,r
l,ak,f,d,r
l,s,c,d,r
b,ae,a,d,r
r,as,f,d,r
v,as,f,d,r
aa,n,c,d,r
s,n,g,d,r
i,as,c,d,r
v,ak,f,d,r
s,ae,g,d,r
a,ae,f,d,r
b,as,a,d,r
s,as,d,d,v
c,m,a,d,v
l,ak,f,d,v
o,p,b,d,v
s,as,g,d,v
a,ai,f,d,v
s,as,g,d,v
b,ai,a,d,v
b,ai,a,d,v
b,as,a,d,v
v,as,c,d,v
v,ae,g,d,v
j,m,a,d,v
s,as,g,d,v
b,a,d,d,v
s,as,g,d,v
l,ae,f,d,v
v,aq,c,d,v
aa,ae,a,d,v
v,r,a,d,v
l,ag,f,d,v
a,ak,f,d,v
c,m,a,d,v
i,as,a,d,v
b,as,a,d,v
o,ae,f,d,v
s,as,c,d,v
o,ae,f,d,v
s,as,c,d,v
b,ai,a,d,v
i,as,a,d,v
l,ae,f,d,v
r,ai,f,d,v
aa,as,c,d,v
o,z,f,d,v
v,ae,c,d,v
s,as,c,d,v
s,as,c,d,v
aa,ay,c,d,v
aa,as,c,d,v
s,as,c,d,v
i,as,a,d,v
v,ak,f,d,v
b,ae,a,d,v
aa,as,c,d,v
v,as,d,d,v
b,ak,a,d,v
l,s,c,d,v
t,ak,f,d,v
b,n,a,d,v
l,ae,f,d,v
l,ae,f,d,v
v,as,c,d,v
v,ac,f,d,v
v,ai,c,d,v
z,ai,c,d,v
l,as,f,d,v
v,r,a,d,v
a,as,f,d,v
b,m,a,d,v
r,as,f,d,v
b,ae,a,d,v
b,aq,a,d,v
i,as,a,d,v
t,as,d,d,v
s,as,c,d,v
b,r,a,d,v
l,as,f,d,v
b,z,b,d,v
l,ae,f,d,v
r,r,f,d,v
aa,as,c,d,v
s,as,c,d,v
z,ai,c,d,v
l,as,f,d,v
v,as,d,d,v
i,as,a,d,v
z,f,c,d,v
l,s,c,d,v
s,as,c,d,v
s,ae,c,d,v
b,n,a,d,v
l,ae,f,d,v
r,ae,c,d,v
v,ae,c,d,v
s,as,a,d,v
s,as,c,d,v
b,ak,a,d,v
b,i,a,d,v
a,as,f,d,v
l,s,c,d,v
v,r,a,d,v
a,ak,f,d,v
aa,as,c,d,v
b,m,a,d,v
aa,ai,c,d,v
b,ae,a,d,v
l,q,f,d,v
b,m,a,d,v
s,as,c,d,v
r,ag,f,d,v
aa,f,c,d,v
v,ae,c,d,v
s,m,c,d,v
b,g,d,d,v
z,b,c,d,v
aa,ae,c,d,v
b,ak,a,d,v
v,n,f,d,v
s,as,c,d,v
a,p,f,d,v
aa,ai,c,d,v
w,ae,f,d,v
a,ae,f,d,v
v,as,f,d,v
i,as,a,d,v
c,m,a,d,v
s,as,c,d,v
j,ae,a,d,v
s,as,c,d,v
r,r,f,d,v
l,ae,f,d,v
l,s,c,d,v
r,as,f,d,v
v,n,f,d,v
aa,as,c,d,v
u,as,c,d,v
s,as,c,d,v
r,r,f,d,v
f,ak,c,d,v
v,aq,c,d,v
v,ak,e,d,v
aa,ai,a,d,v
v,r,a,d,v
aa,ay,c,d,v
i,as,a,d,v
a,ak,f,d,v
z,ai,c,d,v
aa,m,c,d,v
a,ae,f,d,v
s,as,e,d,v
l,s,c,d,v
o,f,f,d,v
b,ae,a,d,v
l,n,f,d,v
s,as,c,d,v
aa,ak,a,d,v
i,as,a,d,v
l,as,f,d,v
aa,ai,a,d,v
s,as,a,d,v
aa,as,c,d,v
m,as,d,d,v
aa,ae,e,d,v
l,as,f,d,v
v,n,f,d,v
v,t,d,d,v
r,ak,f,d,v
s,as,c,d,v
b,as,a,d,v
i,as,a,d,v
aa,ai,e,d,v
aa,ae,e,d,v
b,m,c,d,v
s,as,c,d,v
b,m,c,d,v
aa,as,e,d,v
l,ae,f,d,v
v,e,c,d,v
aa,as,c,d,v
aa,ai,e,d,v
l,ae,f,d,v
f,e,e,d,v
a,ak,f,d,v
r,z,f,d,v
u,as,c,d,v
v,t,d,d,v
c,m,c,d,v
b,as,c,d,v
z,as,e,d,v
s,n,c,d,v
s,as,d,d,v
m,as,f,d,v
i,as,c,d,v
aa,ai,e,d,v
v,k,c,d,v
r,ak,f,d,v
c,ae,c,d,v
j,r,c,d,v
aa,ay,e,d,v
i,as,a,d,v
l,as,f,d,v
aa,ay,e,d,v
s,as,c,d,v
aa,ae,e,d,v
e,as,c,d,v
r,d,f,d,v
s,m,c,d,v
i,as,c,d,v
r,as,f,d,v
i,as,c,d,v
aa,ai,e,d,v
aa,m,e,d,v
v,r,a,d,v
l,as,d,d,v
v,as,c,d,v
s,as,c,d,v
aa,m,e,d,v
v,as,f,d,v
i,as,c,d,v
s,ae,e,d,v
l,ae,f,d,v
z,ai,e,d,v
c,ae,a,d,v
l,as,f,d,v
l,ae,f,d,v
v,k,d,d,v
r,i,f,d,v
i,as,c,d,v
l,n,f,d,v
r,ae,e,d,v
l,ae,f,d,v
aa,ay,e,d,v
z,as,e,d,v
u,ae,e,d,v
z,ai,e,d,v
s,as,e,d,v
b,as,d,d,v
s,as,e,d,v
r,ae,e,d,v
b,ae,d,d,v
r,ai,f,d,w
b,r,c,d,w
r,as,c,d,w
s,as,e,d,w
l,ae,f,d,w
c,ae,c,d,w
r,as,f,d,w
b,ak,c,d,w
k,s,c,d,w
aa,ai,e,d,w
v,as,f,d,w
aa,as,d,d,w
aa,ai,e,d,w
a,ak,f,d,w
s,as,e,d,w
v,ae,e,d,w
aa,ao,a,d,w
r,r,f,d,w
b,m,c,d,w
aa,ai,e,d,w
b,ai,c,d,w
b,m,c,d,w
k,as,c,d,w
l,ae,f,d,w
f,as,a,d,w
a,ak,f,d,w
aa,as,e,d,w
s,e,f,d,w
s,ae,e,d,w
s,as,e,d,w
v,t,d,d,w
o,ak,f,d,w
aa,as,d,d,w
k,s,a,d,w
r,aq,f,d,w
v,a,d,d,w
y,x,c,d,w
r,t,d,d,w
v,ae,c,d,w
q,m,c,d,w
i,as,c,d,w
c,ae,c,d,w
aa,as,e,d,w
j,as,d,d,w
v,e,c,d,w
s,as,g,d,w
aa,m,e,d,w
v,e,c,d,w
s,as,g,d,w
l,e,f,d,w
o,e,d,d,w
aa,as,e,d,w
c,m,c,d,w
i,as,c,d,w
r,ag,f,d,w
s,as,d,d,w
r,ae,e,d,w
s,as,e,d,w
l,s,c,d,w
i,as,c,d,w
n,as,g,d,w
i,as,c,d,w
o,x,f,d,w
v,r,c,d,w
s,as,c,d,w
l,as,f,d,w
r,ae,g,d,w
v,r,a,d,w
o,ai,f,d,w
c,as,c,d,w
v,n,f,d,w
o,f,f,d,w
aa,ae,e,d,w
l,as,f,d,w
i,as,c,d,w
i,as,c,d,w
v,t,d,d,w
v,aw,d,d,w
s,as,e,d,w
b,f,c,d,w
s,as,c,d,w
w,a,b,d,w
c,as,c,d,w
s,as,e,d,w
v,k,c,d,w
f,b,c,d,w
z,as,e,d,w
a,as,d,d,w
l,s,c,d,w
s,as,g,d,w
v,r,c,d,w
l,as,f,d,w
s,m,c,d,w
r,e,f,d,w
r,as,f,d,w
r,r,f,d,w
s,ak,g,d,w
w,a,d,d,w
c,s,a,d,w
r,as,g,d,w
i,as,c,d,w
l,as,f,d,w
r,as,f,d,w
o,ae,f,d,w
v,n,f,d,w
o,as,f,d,w
l,as,f,d,w
s,as,g,d,w
l,as,f,d,w
s,as,g,d,w
aa,y,d,d,w
aa,as,c,d,w
v,n,f,d,w
s,as,g,d,w
b,r,c,d,w
v,as,f,d,w
v,ae,c,d,w
aa,as,c,d,w
c,m,c,d,w
aa,as,e,d,w
o,ae,f,d,w
b,m,c,d,w
s,as,c,d,w
o,ae,f,d,w
t,ae,c,d,w
a,ak,f,d,w
r,e,f,d,w
l,n,f,d,w
a,ak,f,d,w
b,m,c,d,w
c,s,c,d,w
l,as,c,d,w
a,x,f,d,w
z,m,c,d,w
s,as,a,d,w
aa,as,c,d,w
v,t,d,d,w
v,n,f,d,w
v,ae,g,d,w
l,as,f,d,w
s,as,c,d,w
aa,ai,c,d,w
s,as,a,d,w
v,as,f,d,w
i,ae,c,d,w
i,as,c,d,w
l,n,f,d,w
s,as,c,d,w
v,r,c,d,w
v,ak,c,d,w
v,t,d,d,w
b,ai,a,d,w
r,e,f,d,w
aa,as,c,d,w
v,as,f,d,w
b,as,c,d,w
r,ag,f,d,w
v,ae,c,d,w
v,n,f,d,w
aa,h,c,d,w
l,as,f,d,w
aa,ai,c,d,w
a,ak,f,d,w
v,r,a,d,w
v,e,c,d,w
l,s,c,d,w
r,e,f,d,w
l,as,f,d,w
aa,as,c,d,w
b,r,a,d,w
c,ae,a,d,w
i,as,c,d,w
d,ak,f,d,w
w,n,f,d,w
l,as,f,d,w
l,ae,f,d,w
b,as,c,d,w
v,n,f,d,w
aa,as,c,d,w
s,as,c,d,w
s,as,c,d,w
b,ae,a,d,w
aa,as,c,d,w
s,as,c,d,w
b,ak,a,d,w
aa,as,c,d,w
l,as,f,d,w
v,t,d,d,w
i,as,a,d,w
r,t,d,d,w
f,as,f,d,w
z,e,c,d,w
v,r,a,d,w
aa,ai,c,d,w
i,as,a,d,w
aa,as,c,d,w
a,ae,f,d,w
aa,as,c,d,w
v,ae,a,d,w
r,as,f,d,w
o,ae,f,d,w
aa,ae,c,d,w
o,e,f,d,w
i,as,a,d,w
v,ae,a,d,w
l,ak,f,d,w
c,m,a,d,w
a,ak,f,d,w
r,a,b,d,w
s,as,d,d,w
v,as,c,d,w
b,m,a,d,w
v,e,c,d,w
o,r,f,d,w
l,n,f,d,w
o,ai,f,d,w
r,as,f,d,w
v,ae,c,d,w
i,as,a,d,w
aa,m,c,d,w
u,as,c,d,w
c,m,c,d,w
aa,as,c,d,w
l,s,c,d,w
o,ae,f,d,w
l,as,f,d,w
v,ae,c,d,w
aa,as,c,d,w
b,ai,a,d,w
l,as,f,d,w
s,as,e,d,w
b,m,c,d,o
r,ag,f,d,o
aa,ai,c,d,o
v,r,a,d,o
b,as,c,d,o
p,ae,f,d,o
s,as,c,d,o
i,as,a,d,o
l,as,b,d,o
r,ag,f,d,o
b,as,a,d,o
w,ak,e,d,o
aa,ay,c,d,o
e,as,a,d,o
r,d,f,d,o
b,ak,a,d,o
s,as,c,d,o
b,z,c,d,o
r,e,c,d,o
r,ak,f,d,o
aa,ay,c,d,aa
k,ak,a,d,aa
r,ae,f,d,aa
v,r,a,d,aa
l,n,f,d,aa
b,ae,c,d,aa
v,e,f,d,aa
l,ae,f,d,aa
s,as,c,d,aa
c,s,c,d,aa
l,ae,f,d,aa
l,as,f,d,aa
aa,as,c,d,aa
r,t,d,d,aa
t,ak,f,d,aa
aa,as,c,d,aa
aa,as,a,d,aa
c,ae,a,d,aa
w,a,b,d,aa
w,o,b,d,aa
s,as,e,d,aa
l,ak,f,d,aa
r,t,d,d,aa
r,e,f,d,aa
b,z,a,d,aa
v,ae,e,d,aa
aa,as,c,d,aa
l,s,c,d,aa
v,ae,c,d,aa
r,ae,c,d,aa
s,as,a,d,aa
aa,m,e,d,aa
v,a,b,d,aa
aa,as,c,d,aa
v,r,e,d,aa
aa,as,e,d,aa
r,t,d,d,aa
r,e,f,d,aa
i,as,a,d,aa
c,ae,a,d,aa
o,ae,c,d,aa
l,ae,f,d,aa
s,as,e,d,aa
r,ae,f,d,aa
o,f,f,d,aa
s,as,c,d,aa
b,m,c,d,aa
o,f,f,d,aa
u,as,a,d,aa
r,e,f,d,aa
y,ak,c,d,aa
aa,as,c,d,aa
s,as,c,d,aa
l,as,f,d,aa
h,as,f,d,aa
r,aw,d,d,aa
s,ae,c,d,aa
r,z,f,d,aa
s,as,a,d,aa
o,f,f,d,aa
l,n,f,d,aa
aa,f,c,d,aa
r,ai,f,d,aa
r,t,d,d,aa
r,ae,c,d,aa
i,as,a,d,aa
r,t,d,d,aa
aa,ae,c,d,aa
v,e,c,d,aa
a,ae,c,d,aa
r,ak,f,d,aa
c,m,a,d,aa
i,as,a,d,aa
j,ak,a,d,aa
z,m,c,d,aa
s,n,f,d,aa
v,aw,c,d,aa
s,as,c,d,aa
aa,ai,a,d,aa
l,as,a,d,aa
r,t,d,d,aa
aa,as,c,d,aa
a,ak,f,d,aa
v,ai,a,d,aa
r,as,f,d,aa
v,ae,c,d,aa
aa,m,c,d,aa
s,as,c,d,aa
v,ao,d,d,aa
f,ar,a,d,aa
l,ae,f,d,aa
s,as,a,d,aa
s,as,c,d,aa
s,ae,c,d,aa
v,ae,c,d,aa
l,as,f,d,aa
v,aw,c,d,aa
o,as,f,d,aa
l,ae,f,d,aa
o,m,f,d,aa
v,ae,c,d,aa
a,ak,f,d,aa
aa,ay,c,d,aa
aa,e,c,d,aa
v,t,d,d,aa
l,s,c,d,aa
s,as,c,d,aa
s,as,c,d,aa
o,t,d,d,aa
v,r,a,d,aa
r,e,f,d,aa
r,ae,c,d,aa
