,X1,X2,X3,X4,X5
0,v,at,a,d,u
1,t,av,e,d,y
2,w,n,c,d,x
3,t,n,f,d,x
4,v,n,f,d,h
5,b,e,c,d,g
6,r,e,f,d,f
7,l,as,f,d,f
8,s,as,e,d,f
9,b,aq,c,d,f
10,r,r,f,d,f
11,r,e,f,d,f
12,b,ai,c,d,f
13,r,e,f,d,j
14,s,as,e,d,j
15,l,ak,f,d,j
16,r,e,f,d,j
17,aa,as,c,d,j
18,c,m,c,d,j
19,a,ak,f,d,j
20,s,m,c,d,j
21,aa,as,d,d,j
22,r,a,b,d,j
23,b,m,c,d,j
24,r,ak,d,d,j
25,s,m,c,d,j
26,l,as,f,d,j
27,aa,as,c,d,j
28,s,as,c,d,j
29,b,m,c,d,j
30,v,as,f,d,j
31,e,as,c,d,j
32,b,m,c,d,j
33,s,as,d,d,j
34,s,as,c,d,j
35,b,ai,c,d,j
36,l,as,f,d,j
37,v,k,d,d,j
38,v,as,f,d,j
39,s,as,c,d,j
40,l,as,f,d,j
41,h,ae,f,d,j
42,aa,ai,c,d,j
43,s,as,c,d,j
44,z,ai,c,d,j
45,b,m,c,d,j
46,r,ai,f,d,j
47,aa,m,c,d,j
48,w,av,f,d,j
49,j,ai,b,d,j
50,w,as,f,d,j
51,r,e,f,d,j
52,l,s,c,d,j
53,r,r,f,d,j
54,b,as,c,d,j
55,s,m,c,d,j
56,o,as,c,d,j
57,u,as,c,d,j
58,v,ai,c,d,j
59,l,ae,f,d,j
60,b,ak,c,d,j
61,aa,f,c,d,j
62,r,ak,f,d,j
63,p,ak,c,d,j
64,b,as,c,d,j
65,v,n,f,d,j
66,aa,ai,c,d,j
67,s,as,c,d,j
68,aa,as,c,d,j
69,s,as,c,d,j
70,r,d,f,d,j
71,s,as,c,d,j
72,v,ai,c,d,j
73,l,n,f,d,j
74,b,m,c,d,j
75,s,as,c,d,j
76,l,ae,f,d,j
77,b,as,c,d,j
78,e,as,c,d,j
79,r,e,f,d,j
80,b,m,c,d,j
81,n,as,d,d,j
82,l,as,f,d,j
83,i,as,c,d,j
84,c,m,c,d,j
85,v,k,d,d,j
86,s,as,c,d,j
87,aa,ai,c,d,j
88,s,as,c,d,j
89,l,as,b,d,j
90,b,m,c,d,j
91,y,as,c,d,j
92,v,k,c,d,j
93,c,m,c,d,j
94,aa,as,c,d,j
95,b,m,c,d,j
96,l,as,f,d,j
97,aa,as,d,d,j
98,b,m,c,d,j
99,s,m,c,d,j
100,aa,as,c,d,j
101,d,ak,f,d,j
102,aa,ae,c,d,j
103,o,ag,f,d,j
104,s,m,c,d,j
105,r,as,f,d,j
106,b,m,c,d,j
107,l,as,f,d,j
108,b,ai,c,d,j
109,s,as,d,d,j
110,v,ai,c,d,j
111,a,as,b,d,j
112,l,as,f,d,j
113,o,as,f,d,j
114,s,as,c,d,j
115,aa,ay,c,d,j
116,v,ae,c,d,j
117,l,as,f,d,j
118,h,as,d,d,j
119,c,as,c,d,j
120,r,e,f,d,j
121,aa,aq,c,d,j
122,s,m,c,d,j
123,b,m,c,d,j
124,z,ai,c,d,j
125,s,as,c,d,j
126,z,m,c,d,j
127,p,as,c,d,j
128,f,as,c,d,j
129,r,r,f,d,j
130,r,e,f,d,j
131,c,ac,c,d,j
132,w,a,b,d,j
133,b,f,c,d,j
134,v,ai,c,d,j
135,s,as,c,d,j
136,b,m,c,d,j
137,s,as,c,d,j
138,i,as,c,d,i
139,aa,as,d,d,i
140,s,m,c,d,i
141,aa,aq,c,d,i
142,u,as,c,d,i
143,aa,aq,c,d,i
144,l,ae,f,d,i
145,s,m,c,d,i
146,aa,as,d,d,i
147,i,ap,c,d,i
148,l,ae,f,d,i
149,i,as,c,d,i
150,aa,ay,c,d,i
151,s,as,d,d,i
152,aa,g,d,d,i
153,v,ae,f,d,i
154,l,ae,f,d,i
155,i,as,c,d,i
156,aa,i,c,d,i
157,e,as,c,d,i
158,aa,as,d,d,i
159,c,aw,c,d,i
160,s,ae,c,d,i
161,i,as,c,d,i
162,b,as,c,d,i
163,aa,y,d,d,i
164,aa,ai,c,d,i
165,l,as,f,d,i
166,v,a,b,d,i
167,l,r,f,d,i
168,r,ak,f,d,i
169,s,as,c,d,i
170,s,ae,c,d,i
171,l,ae,f,d,i
172,aa,aq,c,d,i
173,l,as,f,d,i
174,aa,y,d,d,i
175,b,m,c,d,i
176,n,ak,f,d,i
177,s,as,c,d,i
178,b,m,c,d,i
179,b,aq,c,d,i
180,s,m,c,d,i
181,b,as,c,d,i
182,l,as,f,d,i
183,aa,as,d,d,i
184,y,b,c,d,i
185,b,ai,c,d,i
186,l,as,b,d,i
187,aa,as,d,d,i
188,w,ae,f,d,i
189,r,ak,f,d,i
190,f,e,c,d,i
191,s,m,c,d,i
192,aa,y,d,d,i
193,b,ai,c,d,i
194,s,as,c,d,i
195,r,r,f,d,i
196,l,r,f,d,i
197,b,ai,c,d,i
198,a,as,f,d,i
199,s,m,c,d,i
200,b,as,c,d,i
201,s,as,c,d,i
202,b,as,c,d,i
203,s,as,c,d,i
204,aa,as,d,d,i
205,l,as,f,d,i
206,l,ae,f,d,i
207,b,ai,c,d,i
208,y,b,c,d,i
209,l,as,f,d,i
210,aa,m,c,d,i
211,b,as,c,d,i
212,s,m,c,d,i
213,aa,as,c,d,i
214,b,e,c,d,i
215,l,ae,f,d,i
216,i,as,c,d,i
217,a,ak,f,d,i
218,s,as,c,d,i
219,v,ak,f,d,i
220,c,ac,c,d,i
221,b,b,c,d,i
222,i,as,c,d,i
223,e,as,c,d,i
224,a,ae,f,d,i
225,s,as,d,d,i
226,aa,ak,c,d,i
227,v,ak,f,d,i
228,aa,as,d,d,i
229,aa,ai,c,d,i
230,b,ae,c,d,i
231,b,a,d,d,i
232,aa,y,d,d,i
233,b,ak,c,d,i
234,c,ae,c,d,i
235,i,ap,c,d,i
236,aa,y,c,d,i
237,v,as,d,d,i
238,b,ai,c,d,i
239,m,ak,f,d,i
240,s,as,c,d,i
241,b,m,c,d,i
242,l,s,c,d,i
243,l,ae,f,d,i
244,l,ae,f,d,i
245,aa,as,d,d,i
246,l,as,b,d,i
247,l,ae,f,d,i
248,l,ae,f,d,i
249,aa,ai,c,d,i
250,l,as,f,d,i
251,r,r,f,d,i
252,l,as,f,d,i
253,b,as,c,d,i
254,r,ae,c,d,i
255,b,ai,c,d,i
256,v,as,f,d,i
257,a,as,f,d,i
258,aa,m,c,d,i
259,l,as,f,d,i
260,l,s,c,d,i
261,b,f,c,d,i
262,z,ai,c,d,i
263,l,as,f,d,i
264,b,ai,c,d,i
265,r,a,b,d,i
266,v,as,f,d,i
267,s,as,c,d,i
268,r,f,f,d,i
269,s,as,c,d,i
270,a,ak,f,d,i
271,l,s,c,d,i
272,aa,as,e,d,i
273,aa,as,d,d,i
274,b,a,d,d,i
275,aa,ai,c,d,i
276,s,as,d,d,i
277,aa,as,d,d,i
278,s,as,g,d,i
279,b,n,c,d,i
280,s,m,c,d,i
281,l,ae,f,d,i
282,aa,m,g,d,i
283,l,as,f,d,i
284,l,as,d,d,i
285,b,ai,c,d,i
286,aa,ai,c,d,i
287,a,ak,f,d,i
288,s,as,c,d,i
289,l,ae,f,d,i
290,b,as,d,d,i
291,b,a,a,d,i
292,l,as,b,d,i
293,aa,m,c,d,i
294,v,ak,f,d,i
295,b,ai,c,d,i
296,s,m,c,d,i
297,l,as,f,d,i
298,aa,aq,c,d,i
299,v,ao,a,d,i
300,e,as,c,d,i
301,b,ai,c,d,i
302,b,ai,c,d,i
303,aa,ai,c,d,i
304,aa,as,d,d,i
305,aa,y,d,d,i
306,a,as,f,d,i
307,v,al,b,d,i
308,b,f,c,d,i
309,l,as,f,d,i
310,aa,ay,g,d,i
311,s,m,c,d,i
312,a,ak,f,d,i
313,b,ai,c,d,i
314,aa,ai,g,d,i
315,aa,as,g,d,i
316,k,as,d,d,i
317,aa,ai,g,d,i
318,r,ag,f,d,i
319,v,ak,f,d,i
320,aa,as,e,d,i
321,l,n,f,d,i
322,b,m,c,d,i
323,m,as,c,d,i
324,r,ag,f,d,i
325,v,ae,f,d,i
326,r,as,f,d,i
327,v,as,d,d,i
328,aa,ai,c,d,i
329,s,as,g,d,i
330,a,ae,f,d,i
331,s,as,c,d,i
332,b,as,b,d,i
333,t,al,b,d,i
334,b,m,c,d,i
335,aa,as,d,d,i
336,l,ak,f,d,i
337,s,as,d,d,i
338,b,ai,c,d,i
339,l,ae,f,d,i
340,s,as,d,d,i
341,aa,ai,g,d,i
342,l,ak,f,d,i
343,s,as,g,d,i
344,aa,m,g,d,i
345,aa,as,g,d,d
346,l,as,b,d,d
347,aa,ao,c,d,d
348,aa,ai,g,d,d
349,l,as,b,d,d
350,aa,as,e,d,d
351,aa,y,d,d,d
352,i,as,c,d,d
353,b,as,c,d,d
354,t,as,f,d,d
355,v,ak,f,d,d
356,aa,as,d,d,d
357,aa,ay,g,d,d
358,l,as,f,d,d
359,c,as,c,d,d
360,m,r,f,d,d
361,b,a,d,d,d
362,c,m,c,d,d
363,aa,ao,c,d,d
364,s,m,c,d,d
365,l,r,f,d,d
366,a,ak,f,d,d
367,aa,i,g,d,d
368,v,n,f,d,d
369,aa,ay,g,d,d
370,l,as,b,d,d
371,aa,as,d,d,d
372,s,m,c,d,d
373,l,s,c,d,d
374,s,ae,g,d,d
375,aa,ai,c,d,d
376,l,ak,f,d,d
377,b,aq,c,d,d
378,s,m,c,d,d
379,b,as,c,d,d
380,s,m,c,d,d
381,aa,as,e,d,d
382,l,ae,f,d,d
383,aa,as,g,d,d
384,c,ak,c,d,d
385,s,as,g,d,d
386,s,as,g,d,d
387,b,ai,c,d,d
388,a,as,f,d,d
389,aa,as,d,d,d
390,s,m,c,d,d
391,v,ae,f,d,d
392,aa,as,g,d,d
393,p,as,c,d,d
394,aa,ai,c,d,d
395,u,as,c,d,d
396,c,ae,c,d,d
397,aa,y,d,d,d
398,s,as,c,d,d
399,s,m,c,d,d
400,y,b,c,d,d
401,aa,m,g,d,d
402,l,as,d,d,d
403,aa,aq,c,d,d
404,l,as,f,d,d
405,b,m,c,d,d
406,l,as,c,d,d
407,s,as,d,d,d
408,b,as,c,d,d
409,l,as,b,d,d
410,aa,as,d,d,d
411,c,m,c,d,d
412,b,as,c,d,d
413,s,m,c,d,d
414,aa,f,g,d,d
415,aa,ai,c,d,d
416,s,as,g,d,d
417,s,m,c,d,d
418,e,as,c,d,d
419,l,as,b,d,d
420,b,h,c,d,d
421,y,b,c,d,d
422,aa,as,c,d,d
423,s,as,c,d,d
424,b,y,d,d,d
425,c,ak,c,d,d
426,l,as,f,d,d
427,b,ak,c,d,d
428,b,m,c,d,d
429,l,ae,f,d,d
430,aa,ai,g,d,d
431,e,as,c,d,d
432,b,ai,a,d,d
433,aa,as,g,d,d
434,l,ae,f,d,d
435,s,as,d,d,d
436,aa,as,d,d,d
437,aa,as,g,d,d
438,s,as,c,d,d
439,s,m,c,d,d
440,l,m,f,d,d
441,b,m,c,d,d
442,aa,ai,g,d,d
443,s,as,g,d,d
444,e,as,c,d,d
445,u,as,g,d,d
446,l,as,b,d,d
447,s,m,c,d,d
448,i,as,c,d,d
449,aa,f,g,d,d
450,s,as,a,d,d
451,b,as,d,d,d
452,s,aq,f,d,d
453,aa,as,d,d,d
454,s,m,c,d,d
455,j,as,c,d,d
456,aa,f,g,d,d
457,i,as,c,d,d
458,aa,as,g,d,d
459,s,m,c,d,d
460,b,ak,c,d,d
461,e,as,c,d,d
462,s,m,g,d,d
463,aa,as,d,d,d
464,c,m,c,d,d
465,aa,as,g,d,d
466,y,e,c,d,d
467,b,b,c,d,d
468,s,m,c,d,d
469,s,m,c,d,d
470,b,m,c,d,d
471,s,as,g,d,d
472,aa,m,g,d,d
473,l,as,f,d,d
474,o,as,f,d,d
475,aa,ae,g,d,d
476,aa,as,d,d,d
477,s,as,g,d,d
478,aa,as,g,d,d
479,aa,aq,g,d,d
480,s,as,g,d,d
481,l,s,c,d,d
482,s,as,g,d,d
483,aa,ao,d,d,d
484,s,as,c,d,d
485,aa,ai,g,d,d
486,s,as,c,d,d
487,aa,as,g,d,d
488,u,as,g,d,d
489,aa,ay,g,d,d
490,aa,as,g,d,d
491,aa,ao,d,d,d
492,l,ae,f,d,d
493,s,m,c,d,d
494,w,ak,f,d,d
495,b,as,c,d,d
496,e,as,c,d,d
497,v,k,d,d,d
498,b,ai,c,d,d
499,l,as,f,d,d
500,l,as,b,d,d
501,aa,ai,g,d,d
502,b,ak,c,d,d
503,aa,ai,g,d,d
504,l,as,f,d,d
505,k,ak,c,d,d
506,aa,ai,c,d,d
507,aa,ai,g,d,d
508,l,as,f,d,d
509,b,ai,c,d,d
510,aa,ai,g,d,d
511,v,n,f,d,d
512,v,ak,f,d,d
513,s,as,c,d,d
514,aa,ai,g,d,d
515,l,ak,f,d,d
516,c,s,c,d,d
517,b,ai,c,d,d
518,c,ak,d,d,d
519,aa,ay,g,d,d
520,b,ai,c,d,d
521,b,m,c,d,d
522,a,as,f,d,d
523,b,aq,c,d,d
524,l,as,d,d,d
525,h,as,f,d,d
526,b,b,c,d,d
527,l,ae,f,d,d
528,b,ai,c,d,d
529,l,s,c,d,d
530,c,ae,c,d,d
531,aa,as,d,d,d
532,b,b,c,d,d
533,aa,ai,c,d,d
534,l,ae,c,d,d
535,aa,y,d,d,d
536,s,m,c,d,d
537,aa,as,d,d,d
538,i,as,c,d,d
539,aa,as,d,d,d
540,aa,as,c,d,d
541,l,as,f,d,d
542,v,as,f,d,d
543,i,as,c,d,d
544,aa,x,c,d,d
545,b,ae,c,d,d
546,aa,as,c,d,d
547,l,as,f,d,d
548,i,ae,c,d,d
549,s,as,g,d,d
550,aa,ai,c,d,d
551,aa,ay,c,d,d
552,l,as,f,d,d
553,aa,as,c,d,d
554,l,ae,f,d,d
555,aa,as,d,d,d
556,l,as,f,d,d
557,aa,g,c,d,d
558,aa,e,c,d,d
559,b,as,c,d,c
560,j,n,c,d,c
561,i,as,c,d,c
562,s,as,c,d,c
563,e,as,c,d,c
564,l,as,f,d,c
565,v,n,f,d,c
566,aa,ai,c,d,c
567,s,m,c,d,c
568,aa,as,c,d,c
569,v,as,f,d,c
570,aa,as,c,d,c
571,s,m,c,d,c
572,aa,as,c,d,c
573,l,n,f,d,c
574,i,as,c,d,c
575,b,m,c,d,c
576,b,m,c,d,c
577,s,as,g,d,c
578,aa,as,c,d,c
579,l,as,f,d,c
580,b,m,c,d,c
581,p,ak,g,d,c
582,i,as,d,d,c
583,b,m,c,d,c
584,a,ak,f,d,c
585,b,as,c,d,c
586,aa,as,e,d,c
587,l,ae,f,d,c
588,v,au,c,d,c
589,v,as,f,d,c
590,aa,as,c,d,c
591,y,ac,c,d,c
592,s,as,g,d,c
593,aa,ao,d,d,c
594,l,as,f,d,c
595,r,ae,g,d,c
596,s,m,c,d,c
597,aa,as,c,d,c
598,b,m,c,d,c
599,w,as,g,d,c
600,b,m,c,d,c
601,s,as,d,d,c
602,s,as,g,d,c
603,aa,as,c,d,c
604,b,m,c,d,c
605,aa,as,d,d,c
606,s,ak,c,d,c
607,h,as,f,d,c
608,l,as,f,d,c
609,aa,as,d,d,c
610,l,ae,f,d,c
611,aa,as,c,d,c
612,c,m,c,d,c
613,aa,as,c,d,c
614,s,as,g,d,c
615,s,as,g,d,c
616,b,m,c,d,c
617,s,as,g,d,c
618,b,f,c,d,c
619,v,as,f,d,c
620,g,m,f,d,c
621,l,as,f,d,c
622,aa,as,c,d,c
623,b,m,c,d,c
624,aa,as,c,d,c
625,s,as,g,d,c
626,r,d,f,d,c
627,t,m,c,d,c
628,b,m,c,d,c
629,l,as,f,d,c
630,aa,as,c,d,c
631,s,m,c,d,c
632,b,as,c,d,c
633,i,as,c,d,c
634,l,as,f,d,c
635,aa,as,c,d,c
636,aa,aq,c,d,c
637,l,as,f,d,c
638,s,as,g,d,c
639,l,ae,f,d,c
640,b,as,a,d,c
641,l,as,f,d,c
642,s,m,a,d,c
643,v,t,d,d,c
644,aa,as,d,d,c
645,aa,as,d,d,c
646,l,as,f,d,c
647,b,ak,c,d,c
648,i,as,c,d,c
649,s,m,c,d,c
650,l,ae,f,d,c
651,b,a,c,d,c
652,s,m,c,d,c
653,s,m,c,d,c
654,b,b,c,d,c
655,s,as,g,d,c
656,aa,as,d,d,c
657,b,m,c,d,c
658,aa,m,c,d,c
659,s,ak,c,d,c
660,aa,as,d,d,c
661,b,an,c,d,c
662,aa,as,d,d,c
663,e,ap,a,d,c
664,b,m,c,d,c
665,l,r,f,d,c
666,r,f,f,d,c
667,b,ae,a,d,c
668,s,as,c,d,c
669,y,e,c,d,c
670,s,as,c,d,c
671,o,ai,f,d,c
672,u,as,c,d,c
673,b,ai,a,d,c
674,aa,ao,d,d,c
675,aa,ai,c,d,c
676,l,as,f,d,c
677,b,ai,a,d,c
678,q,aq,c,d,c
679,aa,as,d,d,c
680,s,as,c,d,c
681,i,ae,c,d,c
682,s,as,c,d,c
683,v,k,d,d,c
684,b,ai,a,d,c
685,l,as,f,d,c
686,b,m,a,d,c
687,b,as,d,d,c
688,aa,as,d,d,c
689,y,n,c,d,c
690,aa,as,c,d,af
691,l,as,f,d,af
692,b,ai,c,d,af
693,s,m,a,d,af
694,aa,as,d,d,af
695,r,r,f,d,af
696,s,n,f,d,af
697,aa,as,d,d,af
698,l,r,f,d,af
699,b,ai,a,d,af
700,s,as,c,d,af
701,v,ae,c,d,af
702,aa,ao,d,d,af
703,s,as,a,d,af
704,i,as,c,d,af
705,v,as,f,d,af
706,aa,ao,d,d,af
707,y,as,c,d,af
708,s,ae,c,d,af
709,aa,as,g,d,af
710,l,s,c,d,af
711,aa,as,d,d,af
712,j,as,c,d,af
713,s,as,a,d,af
714,b,m,c,d,af
715,s,as,c,d,af
716,aa,ay,c,d,af
717,b,m,a,d,af
718,v,ae,c,d,af
719,aa,as,c,d,af
720,l,as,b,d,af
721,l,as,f,d,af
722,b,m,a,d,af
723,b,as,a,d,af
724,l,as,b,d,af
725,aa,as,d,d,af
726,l,s,c,d,af
727,l,ae,f,d,af
728,s,as,c,d,af
729,l,as,f,d,af
730,aa,m,c,d,af
731,v,ae,c,d,af
732,aa,as,d,d,af
733,s,as,c,d,af
734,n,aq,f,d,af
735,aa,ao,d,d,af
736,s,as,c,d,af
737,aa,as,e,d,af
738,c,ac,a,d,af
739,aa,as,d,d,af
740,l,as,b,d,af
741,aa,ae,c,d,af
742,aa,as,d,d,af
743,l,n,f,d,af
744,aa,as,d,d,af
745,aa,m,c,d,af
746,m,as,d,d,af
747,v,ak,f,d,af
748,aa,ao,d,d,af
749,v,au,c,d,af
750,aa,ae,c,d,af
751,s,as,c,d,af
752,v,ae,c,d,af
753,v,as,f,d,af
754,aa,as,d,d,af
755,aa,as,d,d,af
756,s,as,d,d,af
757,aa,as,c,d,af
758,aa,ai,c,d,af
759,aa,f,c,d,af
760,aa,ai,c,d,af
761,l,as,f,d,af
762,l,as,f,d,af
763,s,as,c,d,af
764,aa,as,d,d,af
765,aa,as,d,d,af
766,l,ae,f,d,af
767,b,b,a,d,af
768,v,ae,d,d,af
769,s,as,g,d,af
770,l,ae,f,d,af
771,i,as,c,d,af
772,s,m,a,d,af
773,s,as,g,d,af
774,aa,m,c,d,af
775,b,f,a,d,af
776,aa,ai,c,d,af
777,h,as,f,d,af
778,w,ak,g,d,af
779,m,ak,c,d,af
780,aa,ai,g,d,af
781,b,ai,c,d,af
782,s,as,g,d,af
783,b,m,c,d,af
784,s,m,a,d,af
785,v,as,f,d,af
786,aa,m,g,d,af
787,s,m,a,d,af
788,b,ak,c,d,af
789,l,ae,f,d,af
790,aa,as,d,d,af
791,t,ak,f,d,af
792,s,m,a,d,af
793,l,ae,f,d,af
794,aa,ai,c,d,af
795,t,r,g,d,af
796,i,as,c,d,af
797,h,as,d,d,af
798,aa,m,c,d,af
799,c,as,c,d,af
800,b,m,a,d,af
801,aa,ai,g,d,af
802,s,as,c,d,af
803,aa,i,g,d,af
804,s,m,a,d,af
805,aa,as,d,d,af
806,v,n,f,d,af
807,l,as,f,d,af
808,b,m,a,d,af
809,l,ap,f,d,af
810,v,as,d,d,af
811,s,m,a,d,af
812,i,ap,c,d,af
813,a,as,f,d,af
814,l,as,b,d,af
815,o,e,f,d,af
816,s,m,a,d,af
817,b,as,c,d,af
818,v,a,d,d,af
819,b,d,c,d,af
820,aa,as,d,d,af
821,aa,m,g,d,af
822,aa,f,g,d,af
823,l,as,d,d,af
824,i,as,c,d,af
825,b,z,c,d,af
826,aa,as,g,d,af
827,l,as,f,d,af
828,aa,m,g,d,af
829,h,ak,f,d,af
830,s,m,a,d,af
831,aa,ay,g,d,af
832,s,as,g,d,af
833,aa,m,g,d,af
834,l,n,f,d,af
835,aa,ai,g,d,af
836,v,ak,f,d,af
837,i,as,a,d,af
838,l,as,f,d,af
839,b,m,a,d,af
840,v,r,a,d,af
841,b,m,c,d,af
842,s,as,f,d,af
843,b,b,c,d,af
844,l,as,b,d,af
845,i,as,a,d,af
846,aa,i,c,d,af
847,aa,ai,c,d,af
848,h,as,f,d,af
849,b,as,c,d,af
850,v,n,f,d,af
851,aa,ay,c,d,af
852,aa,ai,g,d,af
853,s,as,d,d,af
854,v,ae,c,d,af
855,b,n,c,d,af
856,u,as,c,d,af
857,i,as,c,d,af
858,v,ai,g,d,af
859,aa,as,d,d,af
860,aa,ai,c,d,af
861,aa,as,d,d,af
862,l,as,f,d,af
863,aa,m,c,d,af
864,aa,ah,d,d,af
865,z,as,c,d,af
866,r,ae,c,d,af
867,s,m,a,d,af
868,b,ai,c,d,af
869,aa,m,c,d,af
870,aa,ai,c,d,af
871,i,as,c,d,af
872,v,ao,d,d,af
873,i,as,c,d,af
874,c,s,a,d,af
875,s,as,c,d,af
876,aa,ai,c,d,af
877,l,as,f,d,af
878,s,as,c,d,ag
879,l,as,f,d,ag
880,s,as,c,d,ag
881,s,as,c,d,ag
882,v,r,a,d,ag
883,r,ai,f,d,ag
884,r,z,d,d,ag
885,aa,as,c,d,ag
886,c,ae,c,d,ag
887,aa,as,d,d,ag
888,aa,r,c,d,ag
889,l,as,f,d,ag
890,r,ae,c,d,ag
891,c,r,a,d,ag
892,l,as,f,d,ag
893,b,b,c,d,ag
894,l,n,f,d,ag
895,v,f,f,d,ag
896,s,as,c,d,ag
897,r,r,f,d,ag
898,b,as,c,d,ag
899,s,as,c,d,ag
900,aa,as,c,d,ag
901,n,as,d,d,ag
902,e,as,c,d,ag
903,aa,as,d,d,ag
904,a,as,f,d,ag
905,v,k,d,d,ag
906,z,ai,c,d,ag
907,aa,ay,c,d,ag
908,l,as,f,d,ag
909,aa,m,c,d,ag
910,g,aq,c,d,ag
911,v,e,c,d,ag
912,v,n,f,d,ag
913,l,as,f,d,ag
914,s,as,c,d,ag
915,aa,m,c,d,ag
916,aa,ai,a,d,ag
917,l,s,c,d,ag
918,v,t,d,d,ag
919,z,ai,c,d,ag
920,aa,as,c,d,ag
921,l,as,f,d,ag
922,v,e,c,d,ag
923,r,r,f,d,ag
924,s,as,f,d,ag
925,aa,as,c,d,ag
926,s,as,c,d,ag
927,s,as,c,d,ag
928,r,as,d,d,ag
929,l,as,f,d,ag
930,b,g,d,d,ag
931,v,ae,c,d,ag
932,u,m,a,d,ag
933,r,d,f,d,ag
934,e,as,c,d,ag
935,s,r,c,d,ag
936,a,ak,f,d,ag
937,l,as,f,d,ag
938,l,s,c,d,ag
939,o,ai,f,d,ag
940,l,as,f,d,ag
941,aa,ai,c,d,ag
942,r,ae,c,d,ag
943,l,as,f,d,ag
944,r,d,f,d,ag
945,l,as,f,d,ag
946,b,ai,c,d,ag
947,b,m,c,d,ag
948,v,e,c,d,ag
949,aa,ai,c,d,ag
950,l,as,f,d,ag
951,r,ai,f,d,ag
952,b,ai,c,d,ag
953,aa,ay,c,d,ag
954,b,f,c,d,ag
955,s,as,g,d,ag
956,r,f,f,d,ag
957,s,as,g,d,ag
958,aa,ai,c,d,ag
959,l,s,c,d,ag
960,c,m,c,d,ag
961,l,as,f,d,ag
962,a,p,f,d,ag
963,f,f,c,d,ag
964,aa,ai,c,d,ag
965,u,as,c,d,ag
966,c,as,c,d,ag
967,r,ae,g,d,ag
968,c,as,c,d,ag
969,aa,ai,c,d,ag
970,r,ak,f,d,ag
971,s,as,d,d,ag
972,aa,m,c,d,ag
973,e,as,c,d,ag
974,a,ak,f,d,ag
975,w,as,f,d,ag
976,k,ae,c,d,ag
977,s,as,c,d,ag
978,a,ak,f,d,ag
979,b,aq,c,d,ag
980,c,m,c,d,ag
981,aa,as,c,d,ag
982,s,m,c,d,ag
983,b,m,c,d,ag
984,aa,as,c,d,ag
985,a,as,f,d,ag
986,aa,ai,c,d,ag
987,r,as,f,d,ag
988,s,as,c,d,ag
989,v,as,f,d,ag
990,s,as,d,d,ag
991,v,ai,c,d,ag
992,v,as,f,d,ag
993,b,i,c,d,ag
994,b,ai,c,d,ag
995,b,m,c,d,ag
996,aa,m,c,d,ag
997,v,ak,c,d,ag
998,r,ae,c,d,ag
999,b,as,c,d,ag
1000,v,ae,c,d,ag
1001,a,z,f,d,ag
1002,s,as,c,d,ag
1003,a,ak,f,d,ag
1004,aa,m,c,d,ag
1005,s,m,c,d,ag
1006,v,as,c,d,ag
1007,a,z,f,d,ag
1008,o,as,d,d,ag
1009,b,m,c,d,ag
1010,s,as,c,d,ag
1011,a,ak,f,d,ag
1012,r,a,d,d,ag
1013,v,e,c,d,ag
1014,s,m,c,d,ag
1015,a,as,f,d,ag
1016,s,m,c,d,ag
1017,l,s,c,d,ag
1018,l,as,f,d,ag
1019,l,as,f,d,ag
1020,j,r,c,d,ag
1021,aa,ai,c,d,ag
1022,r,ae,c,d,ag
1023,aa,as,d,d,ag
1024,aa,ai,e,d,ag
1025,r,ai,f,d,ag
1026,s,as,c,d,ag
1027,z,ai,c,d,ag
1028,aa,as,d,d,ag
1029,l,as,f,d,ag
1030,b,ai,c,d,ag
1031,a,ak,f,d,ag
1032,v,as,f,d,ag
1033,aa,n,e,d,ag
1034,u,as,d,d,ag
1035,o,ai,f,d,ag
1036,aa,as,d,d,ag
1037,o,ai,f,d,ag
1038,l,e,f,d,ag
1039,i,e,c,d,ag
1040,s,as,c,d,ag
1041,s,as,c,d,ag
1042,aa,m,e,d,ag
1043,v,ac,f,d,ag
1044,c,as,c,d,ag
1045,s,as,c,d,ag
1046,b,as,c,d,ag
1047,l,as,b,d,ag
1048,aa,ai,e,d,ag
1049,n,n,f,d,ag
1050,aa,f,e,d,ag
1051,m,ae,d,d,ag
1052,aa,as,e,d,ag
1053,s,m,c,d,ag
1054,a,ae,f,d,ag
1055,aa,aq,c,d,ag
1056,s,m,c,d,ag
1057,aa,as,d,d,ag
1058,o,ai,f,d,ag
1059,l,as,d,d,ag
1060,v,r,c,d,ag
1061,aa,ay,e,d,ag
1062,e,as,c,d,ag
1063,b,m,c,d,ag
1064,s,as,c,d,ag
1065,s,as,e,d,ag
1066,r,r,f,d,ag
1067,z,ai,e,d,ag
1068,i,as,c,d,ag
1069,b,n,c,d,ag
1070,l,as,f,d,ag
1071,s,m,c,d,ag
1072,l,as,f,d,ag
1073,o,ai,f,d,ag
1074,aa,ai,e,d,ag
1075,v,as,f,d,ag
1076,aa,ao,d,d,ag
1077,a,ak,f,d,ag
1078,b,m,c,d,ag
1079,w,n,f,d,ag
1080,o,ai,f,d,ag
1081,b,ae,c,d,ag
1082,e,as,c,d,ab
1083,v,f,f,d,ab
1084,k,as,b,d,ab
1085,b,m,c,d,ab
1086,a,ae,f,d,ab
1087,s,m,c,d,ab
1088,a,ak,f,d,ab
1089,i,as,c,d,ab
1090,o,ai,f,d,ab
1091,l,as,f,d,ab
1092,r,ai,f,d,ab
1093,u,as,d,d,ab
1094,b,as,c,d,ab
1095,s,as,e,d,ab
1096,aa,ah,d,d,ab
1097,aa,as,e,d,ab
1098,r,ae,e,d,ab
1099,w,ai,c,d,ab
1100,s,as,e,d,ab
1101,aa,ai,e,d,ab
1102,v,k,d,d,ab
1103,aa,m,e,d,ab
1104,l,n,f,d,ab
1105,l,as,f,d,ab
1106,l,as,c,d,ab
1107,l,ae,f,d,ab
1108,i,as,c,d,ab
1109,a,as,f,d,ab
1110,l,s,c,d,ab
1111,b,ai,c,d,ab
1112,b,ai,c,d,ab
1113,i,f,c,d,ab
1114,l,s,c,d,ab
1115,aa,ag,e,d,ab
1116,aa,m,e,d,ab
1117,s,as,d,d,ab
1118,a,ak,f,d,ab
1119,y,b,c,d,ab
1120,c,r,c,d,ab
1121,l,ae,f,d,ab
1122,l,s,c,d,ab
1123,l,ae,f,d,ab
1124,aa,ao,d,d,ab
1125,i,as,c,d,ab
1126,l,as,f,d,ab
1127,b,as,c,d,ab
1128,l,as,f,d,ab
1129,i,ap,c,d,ab
1130,s,m,c,d,ab
1131,aa,ao,a,d,ab
1132,a,ak,f,d,ab
1133,l,s,c,d,ab
1134,s,m,c,d,ab
1135,aa,ai,e,d,ab
1136,v,ai,c,d,ab
1137,v,r,c,d,ab
1138,c,as,c,d,ab
1139,aa,as,e,d,ab
1140,s,as,c,d,ab
1141,l,s,c,d,ab
1142,l,ae,f,d,ab
1143,f,ag,f,d,ab
1144,b,b,c,d,ab
1145,s,as,e,d,ab
1146,v,ak,e,d,ab
1147,s,as,c,d,ab
1148,aa,as,e,d,ab
1149,b,ai,c,d,ab
1150,v,ak,e,d,ab
1151,b,m,c,d,ab
1152,s,ak,e,d,ab
1153,aa,as,c,d,ab
1154,b,a,d,d,ab
1155,a,as,f,d,ab
1156,aa,ai,c,d,ab
1157,s,as,e,d,ab
1158,w,n,f,d,ab
1159,i,as,c,d,ab
1160,i,as,c,d,ab
1161,l,s,c,d,ab
1162,l,as,f,d,ab
1163,b,m,c,d,ab
1164,v,ae,f,d,ab
1165,b,as,c,d,ab
1166,l,as,f,d,ab
1167,v,n,f,d,ab
1168,b,m,c,d,ab
1169,l,as,f,d,ab
1170,aa,ai,c,d,ab
1171,s,as,e,d,ab
1172,aa,ai,e,d,ab
1173,b,f,c,d,ab
1174,aa,ai,e,d,ab
1175,s,as,e,d,ab
1176,v,r,c,d,ab
1177,b,m,c,d,ab
1178,aa,as,e,d,ab
1179,l,ae,f,d,ab
1180,i,ap,c,d,ab
1181,r,ae,e,d,ab
1182,v,t,d,d,ab
1183,l,as,f,d,ab
1184,aa,i,c,d,ab
1185,l,ae,f,d,ab
1186,aa,i,c,d,ab
1187,m,as,f,d,ab
1188,v,ak,c,d,ab
1189,b,m,c,d,ab
1190,l,as,f,d,ab
1191,c,s,c,d,ab
1192,r,r,f,d,ab
1193,a,as,e,d,ab
1194,aa,ai,c,d,ab
1195,s,as,c,d,ab
1196,l,as,f,d,ab
1197,aa,d,e,d,ab
1198,s,as,e,d,ab
1199,l,s,c,d,ab
1200,l,ae,f,d,ab
1201,aa,as,e,d,ab
1202,s,as,e,d,ab
1203,o,as,f,d,ab
1204,l,as,f,d,ab
1205,b,m,c,d,ab
1206,aa,as,a,d,ab
1207,h,ak,f,d,ab
1208,a,as,f,d,ab
1209,aa,ai,e,d,ab
1210,v,as,e,d,ab
1211,s,as,c,d,ab
1212,aa,ai,e,d,ab
1213,l,as,d,d,ab
1214,aa,as,c,d,ab
1215,b,as,c,d,ab
1216,l,as,f,d,ab
1217,i,as,c,d,ab
1218,v,ak,e,d,ab
1219,b,ay,c,d,ab
1220,s,as,e,d,ab
1221,aa,ai,c,d,ab
1222,h,as,f,d,ab
1223,w,ae,d,d,ab
1224,v,f,f,d,ab
1225,aa,as,c,d,ab
1226,r,ak,f,d,ab
1227,aa,as,e,d,ab
1228,b,m,c,d,ab
1229,s,as,e,d,ab
1230,l,as,f,d,ab
1231,aa,m,c,d,ab
1232,aa,as,c,d,ab
1233,aa,ai,c,d,ab
1234,y,as,c,d,ab
1235,aa,ai,c,d,ab
1236,e,as,c,d,ab
1237,r,ae,e,d,ab
1238,l,as,f,d,ab
1239,b,z,c,d,ab
1240,aa,ao,a,d,ab
1241,i,as,c,d,ab
1242,b,ai,c,d,ab
1243,v,r,c,d,ab
1244,aa,ay,c,d,ab
1245,t,as,e,d,ab
1246,e,as,c,d,ab
1247,aa,as,c,d,ab
1248,s,as,e,d,ab
1249,l,s,c,d,ab
1250,aa,am,c,d,ab
1251,i,as,c,d,ab
1252,s,ae,e,d,ab
1253,aa,ah,a,d,ab
1254,c,as,c,d,ab
1255,aa,as,c,d,ab
1256,aa,ai,c,d,ab
1257,aa,as,c,d,ab
1258,s,as,e,d,ab
1259,v,r,c,d,ab
1260,aa,ai,c,d,ab
1261,b,a,c,d,ab
1262,f,ae,c,d,ab
1263,s,as,e,d,ab
1264,aa,ai,c,d,ab
1265,aa,ae,c,d,ab
1266,n,as,f,d,ab
1267,aa,as,c,d,ab
1268,s,as,e,d,ab
1269,aa,m,c,d,ab
1270,v,t,d,d,ab
1271,i,ap,c,d,ab
1272,r,as,f,d,ab
1273,s,as,e,d,ab
1274,aa,ai,c,d,ab
1275,l,n,f,d,ab
1276,s,as,e,d,ab
1277,aa,f,c,d,ab
1278,b,ae,c,d,ab
1279,b,as,c,d,ac
1280,a,ak,f,d,ac
1281,l,as,f,d,ac
1282,s,h,f,d,ac
1283,b,ai,c,d,ac
1284,s,as,c,d,ac
1285,i,as,c,d,ac
1286,l,as,f,d,ac
1287,a,ak,f,d,ac
1288,k,ae,c,d,ac
1289,aa,f,c,d,ac
1290,l,as,f,d,ac
1291,b,m,c,d,ac
1292,v,r,c,d,ac
1293,r,ak,f,d,ac
1294,aa,as,c,d,ac
1295,l,as,c,d,ac
1296,i,ae,c,d,ac
1297,aa,ai,c,d,ac
1298,s,as,c,d,ac
1299,l,as,f,d,ac
1300,s,m,c,d,ac
1301,l,n,f,d,ac
1302,aa,as,d,d,ac
1303,v,as,f,d,ac
1304,aa,m,c,d,ac
1305,aa,aq,c,d,ac
1306,aa,ao,a,d,ac
1307,l,s,c,b,ac
1308,e,ap,c,c,ac
1309,r,ae,c,a,ac
1310,u,as,c,a,ac
1311,a,ak,f,d,ac
1312,b,ae,c,d,ac
1313,s,as,c,d,ac
1314,s,as,c,d,ac
1315,aa,m,c,d,ac
1316,u,x,c,d,ac
1317,l,as,f,d,ac
1318,aa,ao,a,d,ac
1319,s,as,e,d,ac
1320,r,ae,d,d,ac
1321,aa,m,c,d,ac
1322,v,at,d,d,ac
1323,a,ak,f,d,ac
1324,aa,aq,c,d,ac
1325,v,ak,c,d,ac
1326,aa,as,c,d,ac
1327,s,ak,c,d,ac
1328,b,ai,c,d,ac
1329,aa,ay,c,d,ac
1330,m,ae,c,d,ac
1331,v,ak,c,d,ac
1332,r,a,d,d,ac
1333,s,as,c,d,ac
1334,b,ae,c,d,ac
1335,l,as,d,d,ac
1336,aa,ai,c,d,ac
1337,b,ae,c,d,ac
1338,l,as,f,d,ac
1339,v,r,c,d,ac
1340,l,ak,f,d,ac
1341,r,f,f,d,ac
1342,aa,ae,c,d,ac
1343,l,ae,f,d,ac
1344,l,ae,f,d,ac
1345,i,as,c,d,ac
1346,b,ae,c,d,ac
1347,l,as,f,d,ac
1348,aa,ai,c,d,ac
1349,l,ae,f,d,ac
1350,c,aq,c,d,ac
1351,r,ag,f,d,ac
1352,c,ac,c,d,ac
1353,l,as,d,d,ac
1354,c,ae,a,d,ac
1355,aa,as,c,d,ac
1356,f,ai,c,d,ac
1357,l,n,f,d,ac
1358,aa,ai,c,d,ac
1359,l,ae,f,d,ac
1360,i,as,c,d,ac
1361,o,ai,f,d,ac
1362,l,as,f,d,ac
1363,v,as,f,d,ac
1364,s,as,e,d,ac
1365,aa,ay,e,d,ac
1366,s,as,g,d,ac
1367,s,as,c,d,ac
1368,r,ag,f,d,ac
1369,l,x,f,d,ac
1370,aa,ai,c,d,ac
1371,l,as,f,d,ac
1372,aa,as,e,d,ac
1373,t,ak,c,d,ac
1374,o,z,f,d,ac
1375,b,ae,c,d,ac
1376,t,n,f,d,ac
1377,c,m,c,d,ac
1378,s,as,c,d,ac
1379,m,ae,f,d,ac
1380,l,s,c,d,ac
1381,s,m,c,d,ac
1382,aa,f,g,d,ac
1383,l,n,f,d,ac
1384,b,ai,a,d,ac
1385,s,as,g,d,ac
1386,aa,as,e,d,ac
1387,w,ak,g,d,ac
1388,aa,ah,a,d,ac
1389,s,ae,g,d,ac
1390,v,as,f,d,ac
1391,i,as,a,d,ac
1392,h,ae,f,d,ac
1393,s,ae,g,d,ac
1394,b,f,a,d,ac
1395,b,ai,a,d,ac
1396,aa,ay,e,d,ac
1397,i,as,c,d,ac
1398,l,as,f,d,ac
1399,aa,ak,e,d,ac
1400,aa,m,g,d,ac
1401,n,s,c,d,ac
1402,aa,as,a,d,ac
1403,b,ae,a,d,ac
1404,v,r,a,d,ac
1405,v,n,f,d,ac
1406,s,as,g,d,ac
1407,aa,as,c,d,ac
1408,f,aq,d,d,ac
1409,b,m,a,d,ac
1410,l,s,c,d,ac
1411,aa,as,g,d,ac
1412,l,as,f,d,ac
1413,aa,as,g,d,ac
1414,c,m,c,d,ac
1415,aa,aq,e,d,ac
1416,t,m,a,d,ac
1417,s,as,g,d,ac
1418,aa,f,g,d,ac
1419,r,r,f,d,ac
1420,aa,as,c,d,ac
1421,l,as,f,d,ac
1422,k,as,a,d,ac
1423,v,ak,g,d,ac
1424,b,b,c,d,ac
1425,e,as,a,d,ac
1426,s,as,g,d,ac
1427,aa,as,c,d,ac
1428,aa,as,c,d,ac
1429,s,as,c,d,ac
1430,aa,an,c,d,ac
1431,c,ae,a,d,ac
1432,aa,as,c,d,ac
1433,c,ae,a,d,ac
1434,l,ae,d,d,ac
1435,l,as,f,d,ac
1436,aa,ay,g,d,ac
1437,z,m,g,d,ac
1438,c,as,a,d,ac
1439,v,f,f,d,ac
1440,aa,ai,c,d,ac
1441,l,as,f,d,ac
1442,i,as,a,d,ac
1443,y,e,c,d,ac
1444,b,as,a,d,ac
1445,b,ai,a,d,ac
1446,l,as,b,d,ac
1447,b,f,a,d,ac
1448,b,ae,a,d,ac
1449,l,as,f,d,ac
1450,r,ae,e,d,ac
1451,i,as,a,d,ac
1452,b,as,c,d,ac
1453,f,as,d,d,ac
1454,b,m,c,d,ac
1455,b,m,c,d,ac
1456,s,as,c,d,ac
1457,o,ai,f,d,ac
1458,l,n,f,d,ac
1459,b,ae,a,d,ac
1460,l,as,f,d,ac
1461,aa,ay,g,d,ac
1462,s,as,g,d,ac
1463,b,m,c,d,ac
1464,l,as,f,d,ac
1465,c,ak,a,d,ac
1466,t,n,c,d,ac
1467,j,ae,c,d,ac
1468,s,n,g,d,ac
1469,e,as,a,d,ac
1470,aa,as,a,d,ac
1471,aa,m,c,d,ac
1472,y,ac,c,d,ac
1473,v,ak,f,d,ac
1474,a,ak,f,d,ac
1475,s,as,c,d,ac
1476,aa,m,c,d,ac
1477,l,as,b,d,ac
1478,v,al,b,d,ac
1479,aa,z,c,d,ad
1480,aa,ay,c,d,ad
1481,b,ai,a,d,ad
1482,b,f,c,d,ad
1483,c,as,a,d,ad
1484,aa,ai,c,d,ad
1485,c,s,a,d,ad
1486,aa,ai,c,d,ad
1487,l,as,f,d,ad
1488,s,as,c,d,ad
1489,i,ae,c,d,ad
1490,aa,ae,c,d,ad
1491,aa,as,c,d,ad
1492,s,as,g,d,ad
1493,s,as,g,d,ad
1494,b,ae,c,d,ad
1495,b,e,c,d,ad
1496,c,m,a,d,ad
1497,r,f,f,d,ad
1498,l,as,d,d,ad
1499,v,as,f,d,ad
1500,r,ae,c,d,ad
1501,s,as,g,d,ad
1502,a,ak,f,d,ad
1503,s,m,c,d,ad
1504,u,m,c,d,ad
1505,s,as,g,d,ad
1506,r,ae,c,d,ad
1507,t,n,f,d,ad
1508,l,ae,f,d,ad
1509,aa,ay,c,d,ad
1510,b,ae,a,d,ad
1511,l,ae,f,d,ad
1512,w,as,f,d,ad
1513,v,at,d,d,ad
1514,s,as,g,d,ad
1515,aa,as,a,d,ad
1516,v,r,c,d,ad
1517,l,as,f,d,ad
1518,l,s,c,d,ad
1519,b,m,a,d,ad
1520,v,as,d,d,ad
1521,b,ai,d,d,ad
1522,v,n,f,d,ad
1523,aa,as,c,d,ad
1524,h,as,f,d,ad
1525,l,as,c,d,ad
1526,a,ak,f,d,ad
1527,s,ae,g,d,ad
1528,i,x,c,d,ad
1529,s,as,g,d,ad
1530,l,s,c,d,ad
1531,b,as,a,d,ad
1532,l,n,f,d,ad
1533,r,ag,f,d,ad
1534,i,ae,c,d,ad
1535,l,as,f,d,ad
1536,b,f,c,d,ad
1537,s,m,a,d,ad
1538,s,as,a,d,ad
1539,b,i,a,d,ad
1540,l,as,f,d,ad
1541,aa,ai,c,d,ad
1542,k,as,a,d,ad
1543,b,ae,a,d,ad
1544,m,ae,a,d,ad
1545,b,ai,a,d,ad
1546,b,m,a,d,ad
1547,l,r,f,d,ad
1548,l,as,f,d,ad
1549,r,r,f,d,ad
1550,q,n,a,d,ad
1551,s,ae,g,d,ad
1552,o,ae,c,d,ad
1553,l,as,f,d,ad
1554,b,ai,a,d,ad
1555,s,as,g,d,ad
1556,w,ak,f,d,ad
1557,i,as,c,d,ad
1558,b,m,a,d,ad
1559,l,as,f,d,ad
1560,l,r,f,d,ad
1561,n,ak,d,d,ad
1562,s,as,g,d,ad
1563,l,r,f,d,ad
1564,l,as,f,d,ad
1565,b,as,c,d,ad
1566,s,m,a,d,ad
1567,v,as,c,d,ad
1568,b,ae,a,d,ad
1569,r,ai,f,d,ad
1570,r,as,f,d,ad
1571,w,ak,c,d,ad
1572,l,as,b,d,ad
1573,w,as,c,d,ad
1574,r,ai,f,d,ad
1575,a,ae,f,d,ad
1576,y,m,c,d,ad
1577,l,ae,f,d,ad
1578,aa,as,c,d,ad
1579,v,r,a,d,ad
1580,l,as,d,d,ad
1581,b,m,a,d,ad
1582,m,as,f,d,ad
1583,aa,m,c,d,ad
1584,h,ak,f,d,ad
1585,aa,ai,a,d,ad
1586,l,s,c,d,ad
1587,aa,ai,c,d,ad
1588,v,r,c,d,ad
1589,l,ae,f,d,ad
1590,o,ae,c,d,ad
1591,l,as,f,d,ad
1592,l,s,c,d,ad
1593,b,m,a,d,ad
1594,s,as,f,d,ad
1595,l,ae,f,d,ad
1596,s,ae,a,d,ad
1597,aa,m,c,d,ad
1598,r,ae,c,d,ad
1599,m,as,f,d,ad
1600,a,ae,f,d,ad
1601,b,ai,a,d,ad
1602,aa,m,c,d,ad
1603,l,as,f,d,ad
1604,s,as,c,d,ad
1605,b,as,a,d,ad
1606,i,as,a,d,ad
1607,l,as,f,d,ad
1608,l,s,c,d,ad
1609,b,ae,a,d,ad
1610,aa,as,a,d,ad
1611,b,ae,c,d,ad
1612,l,s,c,d,ad
1613,r,ae,c,d,ad
1614,aa,as,d,d,ad
1615,r,f,f,d,ad
1616,l,r,f,d,ad
1617,b,z,a,d,ad
1618,i,as,a,d,ad
1619,b,ai,a,d,ad
1620,aa,ai,c,d,ad
1621,t,av,c,d,ad
1622,i,as,c,d,ad
1623,o,ae,c,d,ad
1624,l,as,f,d,ad
1625,v,at,d,d,ad
1626,b,as,c,d,ad
1627,r,f,f,d,ad
1628,b,as,c,d,ad
1629,b,m,c,d,ad
1630,l,ae,f,d,ad
1631,aa,ay,c,d,ad
1632,aa,as,c,d,ad
1633,c,m,a,d,ad
1634,b,m,a,d,ad
1635,l,s,c,d,ad
1636,aa,as,c,d,ad
1637,v,k,a,d,ad
1638,v,ae,c,d,ad
1639,n,r,a,d,ad
1640,r,f,f,d,ad
1641,v,n,f,d,ad
1642,b,ae,a,d,ad
1643,k,s,c,d,ad
1644,r,f,f,d,ad
1645,l,as,f,d,ad
1646,aa,ai,c,d,ad
1647,i,ae,a,d,ad
1648,l,as,f,d,ad
1649,l,s,c,d,ad
1650,aa,i,c,d,ad
1651,a,ak,f,d,ad
1652,b,as,a,d,ad
1653,b,as,c,d,ad
1654,r,f,f,d,ad
1655,l,s,c,d,ad
1656,s,as,c,d,ad
1657,s,as,c,d,ad
1658,u,ae,c,d,ad
1659,aa,as,c,d,ad
1660,aa,ai,c,d,ad
1661,s,as,d,d,ad
1662,aa,j,d,d,ad
1663,b,as,c,d,ad
1664,c,as,c,d,ae
1665,w,n,f,d,ae
1666,r,r,f,d,ae
1667,l,r,f,d,ae
1668,s,as,c,d,ae
1669,s,m,c,d,ae
1670,z,m,c,d,ae
1671,aa,as,c,d,ae
1672,s,as,c,d,ae
1673,s,as,c,d,ae
1674,r,r,f,d,ae
1675,r,as,f,d,ae
1676,l,as,f,d,ae
1677,aa,as,c,d,ae
1678,l,ae,f,d,ae
1679,r,as,f,d,ae
1680,v,at,d,d,ae
1681,v,n,f,d,ae
1682,r,ae,c,d,ae
1683,c,ak,c,d,ae
1684,l,as,f,d,ae
1685,j,an,c,d,ae
1686,i,ae,c,d,ae
1687,e,as,c,d,ae
1688,l,as,d,d,ae
1689,s,as,c,d,ae
1690,aa,as,c,d,ae
1691,l,as,c,d,ae
1692,z,ai,c,d,ae
1693,aa,as,c,d,ae
1694,aa,ai,c,d,ae
1695,l,as,f,d,ae
1696,s,as,a,d,ae
1697,aa,as,c,d,ae
1698,w,ak,f,d,ae
1699,b,m,c,d,ae
1700,aa,as,d,d,ae
1701,r,d,f,d,ae
1702,l,ae,f,d,ae
1703,aa,as,c,d,ae
1704,b,as,c,d,ae
1705,l,as,f,d,ae
1706,r,as,f,d,ae
1707,aa,ai,c,d,ae
1708,i,as,a,d,ae
1709,t,as,d,d,ae
1710,aa,e,c,d,ae
1711,t,ae,c,d,ae
1712,s,as,c,d,ae
1713,z,as,c,d,ae
1714,i,as,c,d,ae
1715,l,ae,f,d,ae
1716,aa,as,d,d,ae
1717,b,m,c,d,ae
1718,w,ak,f,d,ae
1719,b,ae,c,d,ae
1720,l,as,f,d,ae
1721,aa,as,c,d,ae
1722,l,n,f,d,ae
1723,a,ak,f,d,ae
1724,b,ai,c,d,ae
1725,aa,ai,c,d,ae
1726,v,r,c,d,ae
1727,aa,as,d,d,ae
1728,m,ae,c,d,ae
1729,r,as,f,d,ae
1730,v,ak,c,d,ae
1731,aa,as,c,d,ae
1732,l,as,f,d,ae
1733,v,n,f,d,ae
1734,b,m,c,d,ae
1735,l,as,f,d,ae
1736,b,a,c,d,ae
1737,b,ae,c,d,ae
1738,r,ae,f,d,ae
1739,l,as,f,d,ae
1740,t,r,c,d,ae
1741,r,as,f,d,ae
1742,b,g,d,d,ae
1743,l,as,f,d,ae
1744,aa,as,d,d,ae
1745,s,ae,c,d,ae
1746,i,as,a,d,ae
1747,l,ae,f,d,ae
1748,aa,as,c,d,ae
1749,l,as,b,d,ae
1750,b,ae,c,d,ae
1751,l,as,f,d,ae
1752,aa,f,c,d,ae
1753,s,as,c,d,ae
1754,aa,ay,c,d,ae
1755,a,ak,f,d,ae
1756,t,ak,c,d,ae
1757,b,m,c,d,ae
1758,b,aq,c,d,ae
1759,r,ai,f,d,ae
1760,y,b,c,d,ae
1761,aa,as,c,d,ae
1762,l,as,d,d,ae
1763,t,al,b,d,ae
1764,b,as,c,d,ae
1765,s,as,c,d,ae
1766,s,ae,c,d,ae
1767,b,m,c,d,ae
1768,h,as,f,d,ae
1769,v,r,c,d,ae
1770,o,q,f,d,ae
1771,b,z,c,d,ae
1772,l,as,f,d,ae
1773,b,ae,c,d,ae
1774,aa,as,c,d,ae
1775,z,f,c,d,ae
1776,s,as,c,d,ae
1777,y,e,c,d,ae
1778,aa,as,c,d,ae
1779,a,ak,f,d,ae
1780,b,i,c,d,ae
1781,l,ae,f,d,ae
1782,aa,ak,c,d,ae
1783,v,as,f,d,ae
1784,v,k,a,d,ae
1785,s,as,c,d,ae
1786,aa,as,c,d,ae
1787,l,as,d,d,ae
1788,m,aq,c,d,ae
1789,aa,m,c,d,ae
1790,l,ak,f,d,ae
1791,aa,as,d,d,ae
1792,s,as,c,d,ae
1793,c,ae,c,d,ae
1794,aa,as,d,d,ae
1795,s,as,d,d,ae
1796,s,as,c,d,ae
1797,s,as,d,d,ae
1798,a,ak,f,d,ae
1799,j,n,c,d,ae
1800,l,as,f,d,ae
1801,b,ae,c,d,ae
1802,o,f,f,d,ae
1803,l,n,f,d,ae
1804,r,i,f,d,ae
1805,l,as,f,d,ae
1806,aa,as,c,d,ae
1807,u,ae,c,d,ae
1808,b,as,c,d,ae
1809,l,as,f,d,ae
1810,b,ai,c,d,ae
1811,l,as,f,d,ae
1812,v,ak,c,d,ae
1813,s,ae,c,d,ae
1814,o,ai,f,d,ae
1815,aa,as,d,d,ae
1816,s,m,c,d,ae
1817,aa,as,c,d,ae
1818,z,m,c,d,ae
1819,o,ai,f,d,ae
1820,aa,as,c,d,ae
1821,s,as,c,d,ae
1822,aa,as,c,d,ae
1823,v,as,c,d,ae
1824,j,as,b,d,ae
1825,aa,ai,c,d,ae
1826,s,ae,c,d,ae
1827,b,ai,c,d,ae
1828,v,r,c,d,ae
1829,b,m,c,d,ae
1830,i,ae,c,d,ae
1831,aa,m,c,d,ae
1832,l,as,d,d,ae
1833,aa,ai,c,d,ae
1834,s,as,c,d,ae
1835,b,ae,c,d,ae
1836,i,as,c,d,ae
1837,s,m,c,d,ae
1838,a,ae,f,d,ae
1839,b,aq,c,d,ae
1840,s,as,d,d,ae
1841,l,s,c,d,ae
1842,s,as,c,d,ae
1843,v,f,c,d,ae
1844,k,as,c,d,ae
1845,o,ai,f,d,ae
1846,b,m,c,d,ae
1847,b,as,c,d,ae
1848,s,as,d,d,ae
1849,b,as,c,d,ae
1850,v,ak,c,d,ae
1851,v,as,f,d,ae
1852,b,as,c,d,ae
1853,r,g,d,d,ae
1854,b,ai,c,d,ae
1855,m,as,c,d,ae
1856,aa,ai,c,d,ae
1857,aa,ai,c,d,ae
1858,v,ai,f,d,ae
1859,b,as,c,d,ae
1860,s,as,c,d,ae
1861,aa,as,d,d,ae
1862,v,r,c,d,ae
1863,l,as,f,d,ae
1864,b,a,d,d,ae
1865,u,as,c,d,ae
1866,v,as,c,d,ae
1867,v,ak,f,d,ae
1868,v,at,d,d,ae
1869,aa,ai,c,d,ah
1870,b,as,c,d,ah
1871,l,n,f,d,ah
1872,b,ai,c,d,ah
1873,l,as,f,d,ah
1874,b,ae,c,d,ah
1875,b,n,c,d,ah
1876,v,r,c,d,ah
1877,a,ag,f,d,ah
1878,s,as,c,d,ah
1879,r,d,f,d,ah
1880,b,as,d,d,ah
1881,s,ae,c,d,ah
1882,aa,ae,c,d,ah
1883,l,s,c,d,ah
1884,l,ae,f,d,ah
1885,b,m,c,d,ah
1886,v,n,f,d,ah
1887,b,as,c,d,ah
1888,v,ai,c,d,ah
1889,l,as,f,d,ah
1890,s,as,f,d,ah
1891,aa,ai,c,d,ah
1892,aa,as,c,d,ah
1893,r,as,f,d,ah
1894,aa,f,c,d,ah
1895,b,ai,c,d,ah
1896,b,ae,c,d,ah
1897,a,ak,f,d,ah
1898,v,n,f,d,ah
1899,o,z,d,d,ah
1900,s,as,a,d,ah
1901,aa,d,c,d,ah
1902,l,ae,f,d,ah
1903,b,as,c,d,ah
1904,s,as,c,d,ah
1905,b,as,c,d,ah
1906,s,as,c,d,ah
1907,s,as,c,d,ah
1908,aa,m,c,d,ah
1909,b,m,c,d,ah
1910,l,ae,f,d,ah
1911,i,as,c,d,ah
1912,aa,as,c,d,ah
1913,s,as,c,d,ah
1914,b,ai,c,d,ah
1915,o,ai,f,d,ah
1916,aa,m,c,d,ah
1917,a,ak,f,d,ah
1918,b,m,c,d,ah
1919,aa,ai,c,d,ah
1920,l,ae,f,d,ah
1921,aa,as,c,d,ah
1922,aa,as,c,d,ah
1923,s,m,c,d,ah
1924,b,as,a,d,ah
1925,r,as,f,d,ah
1926,aa,ai,c,d,ah
1927,u,as,c,d,ah
1928,a,ak,f,d,ah
1929,b,ae,c,d,ah
1930,aa,as,c,d,ah
1931,aa,as,e,d,ah
1932,l,as,f,d,ah
1933,aa,ai,c,d,ah
1934,s,ae,c,d,ah
1935,b,ae,c,d,ah
1936,b,as,c,d,ah
1937,r,ae,a,d,ah
1938,u,as,c,d,ah
1939,l,ae,f,d,ah
1940,c,ae,a,d,ah
1941,n,s,c,d,ah
1942,b,ai,a,d,ah
1943,l,ae,f,d,ah
1944,w,ai,c,d,ah
1945,o,ai,f,d,ah
1946,s,as,c,d,ah
1947,aa,ai,c,d,ah
1948,c,as,c,d,ah
1949,b,as,c,d,ah
1950,l,ae,f,d,ah
1951,i,as,c,d,ah
1952,l,as,f,d,ah
1953,v,ak,f,d,ah
1954,s,ae,c,d,ah
1955,aa,as,d,d,ah
1956,l,n,f,d,ah
1957,b,r,c,d,ah
1958,l,as,f,d,l
1959,aa,m,c,d,ah
1960,s,as,c,d,ah
1961,b,ai,c,d,ah
1962,u,as,c,d,ah
1963,aa,ai,c,d,ah
1964,v,as,c,d,ah
1965,i,as,c,d,ah
1966,s,as,c,d,ah
1967,b,ai,c,d,l
1968,h,n,f,d,l
1969,aa,as,d,d,l
1970,c,ae,c,d,l
1971,v,as,f,d,l
1972,s,as,c,d,l
1973,b,m,c,d,l
1974,l,as,f,d,l
1975,aa,as,c,d,l
1976,o,as,d,d,l
1977,s,m,c,d,l
1978,a,ae,f,d,l
1979,b,aq,a,d,l
1980,z,as,c,d,l
1981,v,r,a,d,l
1982,b,ai,a,d,l
1983,v,ae,f,d,l
1984,i,as,c,d,l
1985,v,ak,c,d,l
1986,b,m,c,d,l
1987,b,m,a,d,l
1988,r,ai,f,d,l
1989,s,as,c,d,l
1990,v,n,f,d,l
1991,f,ae,c,d,l
1992,s,n,a,d,l
1993,a,ak,f,d,l
1994,s,as,c,d,l
1995,v,e,c,d,l
1996,aa,ak,c,d,l
1997,w,n,f,d,l
1998,b,ak,a,d,l
1999,l,as,f,d,l
2000,j,as,c,d,l
2001,aa,ai,c,d,l
2002,v,r,c,d,l
2003,i,as,c,d,l
2004,l,r,f,d,l
2005,a,ak,f,d,l
2006,s,as,c,d,l
2007,j,ae,b,d,l
2008,m,as,c,d,l
2009,z,f,c,d,l
2010,l,as,f,d,l
2011,n,ae,a,d,l
2012,s,ak,a,d,l
2013,l,ae,f,d,l
2014,i,as,a,d,l
2015,l,ae,f,d,l
2016,b,m,a,d,l
2017,s,m,c,d,l
2018,b,m,a,d,l
2019,o,f,f,d,l
2020,l,s,c,d,l
2021,aa,ai,c,d,l
2022,s,as,d,d,l
2023,aa,as,d,d,l
2024,v,n,f,d,l
2025,b,ae,a,d,l
2026,aa,as,d,d,l
2027,l,as,f,d,l
2028,b,m,a,d,l
2029,l,as,d,d,l
2030,s,ae,c,d,l
2031,r,r,f,d,l
2032,b,a,d,d,l
2033,g,m,a,d,l
2034,b,ai,a,d,l
2035,s,as,c,d,l
2036,b,i,a,d,l
2037,aa,as,d,d,l
2038,aa,f,c,d,l
2039,s,as,c,d,l
2040,v,ae,c,d,l
2041,s,as,c,d,l
2042,aa,m,c,d,l
2043,c,r,a,d,l
2044,v,as,f,d,l
2045,b,ai,a,d,l
2046,b,aq,a,d,l
2047,r,ae,c,d,l
2048,c,ak,a,d,l
2049,z,e,c,d,l
2050,l,ae,f,d,l
2051,v,r,a,d,l
2052,aa,as,c,d,l
2053,b,m,c,d,l
2054,a,ak,f,d,l
2055,b,a,d,d,l
2056,l,n,f,d,l
2057,b,g,d,d,l
2058,o,ai,f,d,l
2059,v,r,a,d,l
2060,r,ae,c,d,l
2061,s,ae,c,d,l
2062,aa,f,c,d,l
2063,v,r,a,d,l
2064,l,s,c,d,l
2065,h,as,f,d,l
2066,l,ae,f,d,l
2067,i,as,a,d,l
2068,v,ak,a,d,l
2069,o,f,f,d,l
2070,l,as,f,d,l
2071,b,ae,a,d,l
2072,i,as,a,d,l
2073,r,e,f,d,l
2074,v,t,c,d,l
2075,b,ai,a,d,l
2076,l,as,f,d,l
2077,b,as,a,d,l
2078,s,as,c,d,l
2079,s,as,c,d,l
2080,b,as,a,d,l
2081,v,ae,a,d,l
2082,aa,m,c,d,l
2083,s,as,c,d,l
2084,r,as,f,d,l
2085,l,e,f,d,l
2086,b,ai,a,d,l
2087,l,as,f,d,l
2088,r,r,f,d,l
2089,b,f,a,d,l
2090,aa,aq,a,d,l
2091,b,m,a,d,l
2092,aa,f,c,d,l
2093,r,f,f,d,l
2094,v,ak,f,d,l
2095,i,ae,a,d,l
2096,aa,m,c,d,l
2097,l,s,c,d,l
2098,v,r,c,d,l
2099,b,ae,a,d,l
2100,r,as,f,d,l
2101,y,e,c,d,l
2102,b,a,d,d,l
2103,j,as,a,d,l
2104,v,ak,c,d,l
2105,o,as,f,d,l
2106,c,ae,a,d,l
2107,b,m,a,d,l
2108,aa,as,a,d,l
2109,h,as,f,d,l
2110,aa,ai,c,d,l
2111,e,as,a,d,l
2112,b,ae,c,d,l
2113,s,as,c,d,l
2114,b,g,d,d,l
2115,r,ae,c,d,l
2116,s,f,f,d,l
2117,l,as,f,d,l
2118,s,as,c,d,l
2119,i,z,c,d,l
2120,a,ak,f,d,l
2121,b,m,c,d,l
2122,s,as,c,d,l
2123,aa,e,a,d,l
2124,s,as,c,d,l
2125,b,m,c,d,l
2126,v,r,c,d,l
2127,aa,f,c,d,l
2128,s,as,f,d,l
2129,b,ae,a,d,l
2130,l,as,f,d,l
2131,aa,f,c,d,l
2132,u,as,c,d,l
2133,r,ak,f,d,l
2134,o,as,d,d,l
2135,r,e,f,d,l
2136,v,n,f,d,l
2137,aa,b,c,d,l
2138,i,as,c,d,l
2139,aa,as,c,d,l
2140,k,as,d,d,l
2141,b,ai,c,d,l
2142,b,aq,c,d,l
2143,b,m,c,d,l
2144,w,f,c,d,l
2145,v,r,c,d,l
2146,s,as,c,d,l
2147,l,as,c,d,l
2148,r,f,f,d,l
2149,v,r,c,d,l
2150,b,ai,c,d,l
2151,a,ak,f,d,l
2152,aa,ai,a,d,l
2153,l,n,f,d,l
2154,aa,m,c,d,l
2155,s,as,c,d,l
2156,aa,as,d,d,l
2157,b,m,c,d,l
2158,h,as,f,d,l
2159,v,e,c,d,l
2160,h,ae,f,d,l
2161,aa,ai,c,d,k
2162,b,g,d,d,k
2163,b,ae,a,d,k
2164,f,ae,c,d,k
2165,b,ai,c,d,k
2166,aa,as,c,d,k
2167,l,n,f,d,k
2168,v,af,c,d,k
2169,c,ae,a,d,k
2170,aa,as,a,d,k
2171,l,as,f,d,k
2172,aa,ai,c,d,k
2173,c,au,c,d,k
2174,c,ae,c,d,k
2175,r,ag,f,d,k
2176,v,ak,f,d,k
2177,j,r,c,d,k
2178,s,m,c,d,k
2179,l,ae,f,d,k
2180,b,r,c,d,k
2181,l,ae,f,d,k
2182,i,as,c,d,k
2183,s,as,d,d,k
2184,aa,ay,c,d,k
2185,m,as,c,d,k
2186,s,as,c,d,k
2187,l,n,f,d,k
2188,aa,as,d,d,k
2189,l,r,f,d,k
2190,aa,as,c,d,k
2191,l,as,f,d,k
2192,l,ae,f,d,k
2193,i,as,c,d,k
2194,s,m,c,d,k
2195,s,m,c,d,k
2196,v,n,f,d,k
2197,aa,as,c,d,k
2198,s,as,c,d,k
2199,v,ak,c,d,k
2200,s,as,c,d,k
2201,i,as,c,d,k
2202,aa,as,c,d,k
2203,aa,as,c,d,k
2204,aa,ai,c,d,k
2205,b,ae,c,d,k
2206,a,as,f,d,k
2207,l,ae,f,d,k
2208,b,as,c,d,k
2209,aa,ae,c,d,k
2210,b,m,c,d,k
2211,b,ai,c,d,k
2212,b,as,c,d,k
2213,i,as,c,d,k
2214,l,as,f,d,k
2215,s,as,c,d,k
2216,a,ak,f,d,k
2217,b,m,c,d,k
2218,v,r,c,d,k
2219,l,n,f,d,k
2220,a,ak,f,d,k
2221,b,ai,c,d,k
2222,s,as,c,d,k
2223,l,ae,d,d,k
2224,aa,aq,b,d,k
2225,s,e,f,d,k
2226,aa,ae,c,d,k
2227,aa,ai,a,d,k
2228,s,as,c,d,k
2229,aa,ay,c,d,k
2230,a,ak,f,d,k
2231,aa,as,c,d,k
2232,k,ae,c,d,k
2233,l,n,f,d,k
2234,aa,ae,c,d,k
2235,v,r,c,d,k
2236,b,ak,c,d,k
2237,aa,as,c,d,k
2238,i,as,c,d,k
2239,aa,as,e,d,k
2240,n,as,f,d,k
2241,aa,as,d,d,k
2242,c,as,c,d,k
2243,v,ae,f,d,k
2244,b,ai,c,d,k
2245,u,m,c,d,k
2246,b,ak,c,d,k
2247,aa,as,c,d,k
2248,b,ai,c,d,k
2249,c,s,a,d,k
2250,l,as,d,d,k
2251,aa,as,c,d,k
2252,aa,ay,c,d,k
2253,s,as,c,d,k
2254,h,as,f,d,k
2255,s,as,c,d,k
2256,aa,as,d,d,k
2257,s,as,c,d,k
2258,aa,aq,c,d,k
2259,l,ak,f,d,k
2260,aa,as,d,d,k
2261,m,s,c,d,k
2262,b,r,c,d,k
2263,s,as,c,d,k
2264,aa,z,c,d,k
2265,aa,as,c,d,k
2266,b,ae,c,d,k
2267,s,ae,c,d,k
2268,c,m,c,d,k
2269,b,ae,c,d,k
2270,b,aq,c,d,k
2271,l,ae,f,d,k
2272,aa,n,c,d,k
2273,e,as,d,d,k
2274,l,as,f,d,k
2275,u,as,d,d,k
2276,j,r,c,d,k
2277,aa,ae,c,d,k
2278,aa,ai,c,d,k
2279,aa,as,d,d,k
2280,a,ak,f,d,k
2281,b,aq,c,d,k
2282,l,ae,f,d,k
2283,aa,as,c,d,k
2284,s,as,c,d,k
2285,aa,ay,c,d,k
2286,l,x,f,d,k
2287,b,i,c,d,k
2288,v,ae,f,d,k
2289,e,as,c,d,k
2290,b,m,c,d,k
2291,v,n,f,d,k
2292,w,ae,f,d,k
2293,aa,as,c,d,k
2294,s,as,c,d,k
2295,aa,as,c,d,k
2296,o,ai,f,d,k
2297,l,s,c,d,k
2298,l,as,f,d,k
2299,l,ae,f,d,k
2300,i,as,c,d,k
2301,aa,aq,c,d,k
2302,s,as,c,d,k
2303,v,ak,c,d,k
2304,s,as,c,d,k
2305,v,r,c,d,k
2306,aa,ae,c,d,k
2307,aa,as,c,d,k
2308,l,n,f,d,k
2309,aa,as,c,d,k
2310,aa,aq,a,d,k
2311,l,ae,f,d,k
2312,aa,aq,d,d,k
2313,v,n,f,d,k
2314,s,as,c,d,k
2315,s,as,c,d,k
2316,i,as,c,d,k
2317,aa,as,c,d,k
2318,w,as,d,d,k
2319,b,ai,c,d,k
2320,b,aq,c,d,k
2321,u,m,c,d,k
2322,aa,an,c,d,k
2323,p,r,c,d,k
2324,aa,ai,c,d,k
2325,v,r,c,d,k
2326,s,m,c,d,k
2327,aa,as,c,d,k
2328,l,ak,f,d,k
2329,aa,as,c,d,k
2330,i,ae,c,d,k
2331,aa,ae,c,d,k
2332,aa,ai,c,d,k
2333,i,as,b,d,k
2334,s,m,c,d,k
2335,l,n,f,d,k
2336,v,a,b,d,k
2337,aa,b,c,d,k
2338,b,m,c,d,n
2339,aa,ay,c,d,n
2340,aa,as,c,d,n
2341,b,ai,c,d,n
2342,l,n,f,d,n
2343,b,as,c,d,n
2344,s,m,c,d,n
2345,a,ak,f,d,n
2346,v,ak,c,d,n
2347,aa,f,c,d,n
2348,i,as,c,d,n
2349,l,ae,f,d,n
2350,i,as,c,d,n
2351,b,m,c,d,n
2352,c,m,c,d,n
2353,aa,as,c,d,n
2354,b,as,c,d,n
2355,v,ak,c,d,n
2356,aa,ay,c,d,n
2357,v,k,c,d,n
2358,v,ak,f,d,n
2359,b,ae,c,d,n
2360,b,ai,c,d,n
2361,aa,as,c,d,n
2362,aa,f,c,d,n
2363,l,n,f,d,n
2364,s,as,c,d,n
2365,aa,g,c,d,n
2366,w,av,c,d,n
2367,aa,ai,c,d,n
2368,i,ae,c,d,n
2369,b,as,c,d,n
2370,l,as,f,d,n
2371,i,as,c,d,n
2372,b,ae,c,d,n
2373,u,ak,c,d,n
2374,l,s,c,d,n
2375,b,ai,c,d,n
2376,s,as,c,d,n
2377,b,m,c,d,n
2378,b,m,c,d,n
2379,a,ak,f,d,n
2380,aa,ay,c,d,n
2381,aa,as,d,d,n
2382,s,as,c,d,n
2383,i,as,c,d,n
2384,l,s,c,d,n
2385,z,as,c,d,n
2386,aa,as,c,d,n
2387,l,as,f,d,n
2388,v,ae,c,d,n
2389,i,as,c,d,n
2390,l,as,f,d,n
2391,aa,ai,c,d,n
2392,v,n,f,d,n
2393,f,ak,c,d,n
2394,m,as,c,d,n
2395,l,ae,f,d,n
2396,aa,as,c,d,n
2397,aa,as,c,d,n
2398,s,as,c,d,n
2399,aa,as,c,d,n
2400,l,ae,f,d,n
2401,h,s,c,d,n
2402,v,r,c,d,n
2403,v,e,c,d,n
2404,b,a,c,d,n
2405,i,ae,c,d,n
2406,a,ak,f,d,n
2407,l,as,f,d,n
2408,aa,as,c,d,n
2409,s,m,c,d,n
2410,v,e,c,d,n
2411,l,as,f,d,n
2412,b,i,c,d,n
2413,l,as,f,d,n
2414,l,s,c,d,n
2415,b,m,c,d,n
2416,r,ai,f,d,n
2417,b,g,d,d,n
2418,l,as,f,d,n
2419,aa,ae,c,d,n
2420,aa,ai,c,d,n
2421,n,as,c,d,n
2422,s,as,c,d,n
2423,l,as,f,d,n
2424,aa,m,c,d,n
2425,aa,m,c,d,n
2426,b,ae,c,d,n
2427,v,ak,f,d,n
2428,s,as,c,d,n
2429,v,r,c,d,n
2430,b,m,c,d,n
2431,r,ae,c,d,n
2432,s,as,c,d,n
2433,aa,as,c,d,n
2434,aa,ai,c,d,n
2435,b,ai,c,d,n
2436,aa,ae,c,d,n
2437,aa,ai,c,d,n
2438,a,ak,f,d,n
2439,r,r,c,d,n
2440,b,a,a,d,n
2441,s,as,c,d,n
2442,v,n,f,d,n
2443,aa,ai,c,d,n
2444,aa,as,c,d,n
2445,l,as,f,d,n
2446,s,ak,c,d,n
2447,i,as,c,d,n
2448,aa,aq,c,d,n
2449,l,s,c,d,n
2450,l,as,f,d,n
2451,s,as,d,d,n
2452,b,a,a,d,n
2453,l,as,f,d,n
2454,b,i,c,d,n
2455,i,ae,c,d,n
2456,aa,ae,c,d,n
2457,l,r,f,d,n
2458,b,m,c,d,n
2459,v,r,c,d,n
2460,b,a,c,d,n
2461,aa,ai,c,d,n
2462,aa,as,c,d,n
2463,v,e,c,d,n
2464,l,s,c,d,n
2465,v,ak,f,d,n
2466,v,n,f,d,n
2467,a,ak,f,d,n
2468,aa,q,c,d,n
2469,a,ak,f,d,n
2470,aa,as,c,d,n
2471,l,n,f,d,n
2472,b,ae,c,d,n
2473,s,as,g,d,n
2474,e,as,c,d,n
2475,v,as,c,d,n
2476,l,as,f,d,n
2477,b,m,c,d,n
2478,s,as,g,d,n
2479,aa,ay,g,d,n
2480,l,as,f,d,n
2481,r,ai,f,d,n
2482,b,m,c,d,n
2483,r,ak,f,d,n
2484,i,as,c,d,n
2485,s,ae,g,d,n
2486,b,a,a,d,n
2487,b,ai,c,d,n
2488,s,as,c,d,n
2489,b,m,c,d,n
2490,b,m,c,d,n
2491,s,as,c,d,n
2492,b,as,c,d,n
2493,s,as,c,d,n
2494,a,x,f,d,n
2495,b,m,c,d,n
2496,c,r,c,d,n
2497,aa,ai,c,d,n
2498,i,ae,c,d,n
2499,s,as,g,d,n
2500,b,ai,c,d,n
2501,b,ak,c,d,n
2502,h,as,a,d,n
2503,m,s,c,d,n
2504,aa,ai,g,d,n
2505,c,as,c,d,n
2506,d,as,d,d,n
2507,l,ae,f,d,n
2508,i,as,c,d,n
2509,s,ae,g,d,n
2510,aa,as,g,d,n
2511,s,h,f,d,n
2512,g,ae,c,d,n
2513,b,i,c,d,n
2514,aa,ay,c,d,n
2515,v,ae,c,d,n
2516,aa,as,g,d,n
2517,l,ae,f,d,n
2518,w,ai,e,d,n
2519,i,as,c,d,n
2520,s,as,g,d,n
2521,i,as,c,d,n
2522,l,ae,f,d,n
2523,v,n,f,d,n
2524,aa,as,d,d,n
2525,r,as,b,d,n
2526,b,m,c,d,n
2527,l,as,f,d,n
2528,aa,m,c,d,n
2529,b,m,c,d,n
2530,m,ap,f,d,n
2531,r,ae,g,d,n
2532,v,ak,f,d,n
2533,s,as,g,d,n
2534,a,ak,f,d,n
2535,aa,m,g,d,n
2536,b,ae,c,d,n
2537,aa,as,a,d,n
2538,s,as,g,d,n
2539,z,ai,e,d,n
2540,s,as,c,d,n
2541,s,e,f,d,n
2542,b,ae,c,d,n
2543,aa,as,a,d,n
2544,aa,m,g,d,n
2545,aa,as,c,d,n
2546,b,ai,c,d,n
2547,r,ak,f,d,n
2548,b,m,c,d,n
2549,b,m,c,d,n
2550,aa,as,g,d,m
2551,aa,n,e,d,m
2552,h,as,f,d,m
2553,r,g,a,d,m
2554,a,as,f,d,m
2555,r,i,f,d,m
2556,aa,as,a,d,m
2557,s,m,c,d,m
2558,b,m,c,d,m
2559,aa,as,c,d,m
2560,aa,as,c,d,m
2561,aa,as,g,d,m
2562,b,m,c,d,m
2563,l,as,f,d,m
2564,aa,ae,c,d,m
2565,l,as,c,d,m
2566,s,as,g,d,m
2567,aa,m,e,d,m
2568,aa,ay,c,d,m
2569,b,m,c,d,m
2570,l,as,f,d,m
2571,aa,m,c,d,m
2572,v,e,c,d,m
2573,s,as,g,d,m
2574,i,as,c,d,m
2575,c,ae,c,d,m
2576,aa,as,c,d,m
2577,l,ak,f,d,m
2578,b,a,a,d,m
2579,aa,as,e,d,m
2580,s,h,a,d,m
2581,b,ai,c,d,m
2582,s,as,g,d,m
2583,b,m,c,d,m
2584,v,as,f,d,m
2585,i,as,c,d,m
2586,b,m,c,d,m
2587,v,ak,d,d,m
2588,aa,ai,g,d,m
2589,l,n,f,d,m
2590,aa,ai,e,d,m
2591,l,as,f,d,m
2592,z,ai,e,d,m
2593,r,d,f,d,m
2594,s,as,c,d,m
2595,s,as,g,d,m
2596,r,d,f,d,m
2597,aa,ai,g,d,m
2598,m,s,c,d,m
2599,g,a,a,d,m
2600,s,as,g,d,m
2601,aa,as,c,d,m
2602,a,as,e,d,m
2603,b,e,c,d,m
2604,y,aq,c,d,m
2605,v,ak,f,d,m
2606,s,as,g,d,m
2607,s,as,g,d,m
2608,s,as,g,d,m
2609,s,as,g,d,m
2610,m,as,e,d,m
2611,t,as,d,d,m
2612,s,as,d,d,m
2613,l,as,f,d,m
2614,s,n,f,d,m
2615,e,as,c,d,m
2616,aa,ai,e,d,m
2617,s,ae,g,d,m
2618,l,s,c,d,m
2619,aa,ai,e,d,m
2620,s,as,g,d,m
2621,w,ak,f,d,m
2622,b,ai,c,d,m
2623,h,n,f,d,m
2624,l,s,c,d,m
2625,i,as,c,d,m
2626,i,as,c,d,m
2627,b,ai,c,d,m
2628,aa,an,e,d,m
2629,l,ae,f,d,m
2630,a,f,f,d,m
2631,v,n,f,d,m
2632,s,as,c,d,m
2633,b,i,c,d,m
2634,l,ak,f,d,m
2635,i,as,c,d,m
2636,aa,ay,e,d,m
2637,s,as,c,d,m
2638,r,ak,f,d,m
2639,aa,aq,c,d,m
2640,l,as,f,d,m
2641,v,r,c,d,m
2642,aa,ai,c,d,m
2643,i,ae,c,d,m
2644,i,as,c,d,m
2645,s,as,g,d,m
2646,l,ae,f,d,m
2647,i,as,c,d,m
2648,v,r,c,d,m
2649,r,e,f,d,m
2650,i,as,c,d,m
2651,aa,d,e,d,m
2652,aa,ai,c,d,m
2653,s,as,d,d,m
2654,b,as,c,d,m
2655,aa,as,e,d,m
2656,o,f,f,d,m
2657,aa,as,e,d,m
2658,b,ae,c,d,m
2659,l,as,f,d,m
2660,v,ae,c,d,m
2661,b,aq,c,d,m
2662,v,ak,f,d,m
2663,s,as,g,d,m
2664,i,ae,c,d,m
2665,aa,m,a,d,m
2666,aa,ai,e,d,m
2667,b,a,a,d,m
2668,s,as,e,d,m
2669,l,s,c,d,m
2670,aa,as,a,d,m
2671,a,ak,f,d,m
2672,aa,ae,e,d,m
2673,b,ai,c,d,m
2674,s,as,e,d,m
2675,b,ai,c,d,m
2676,s,as,c,d,m
2677,aa,ai,e,d,m
2678,s,as,e,d,m
2679,b,ae,c,d,m
2680,e,as,c,d,m
2681,r,i,f,d,m
2682,aa,ay,e,d,m
2683,b,m,c,d,m
2684,w,ae,g,d,m
2685,aa,ai,e,d,m
2686,b,as,a,d,m
2687,b,ai,c,d,m
2688,i,ai,a,d,m
2689,aa,as,e,d,m
2690,b,ak,c,d,m
2691,s,as,e,d,m
2692,aa,as,e,d,m
2693,v,as,d,d,m
2694,v,ae,e,d,m
2695,i,as,a,d,m
2696,aa,as,e,d,m
2697,b,ai,a,d,m
2698,aa,e,e,d,m
2699,aa,m,e,d,m
2700,b,ak,a,d,m
2701,o,f,f,d,m
2702,s,as,e,d,m
2703,b,ae,a,d,m
2704,v,r,a,d,m
2705,b,m,a,d,m
2706,aa,as,a,d,m
2707,a,ak,f,d,m
2708,i,as,a,d,m
2709,c,r,a,d,m
2710,r,ae,e,d,m
2711,v,a,b,d,m
2712,i,as,a,d,m
2713,aa,as,a,d,m
2714,l,ae,f,d,m
2715,s,as,c,d,m
2716,b,m,a,d,m
2717,l,n,f,d,m
2718,l,q,f,d,m
2719,l,as,f,d,m
2720,b,m,a,d,m
2721,l,as,f,d,m
2722,aa,as,a,d,m
2723,s,as,e,d,m
2724,a,l,b,d,m
2725,r,ae,f,d,m
2726,aa,ai,c,d,m
2727,l,as,c,d,m
2728,aa,ai,c,d,m
2729,v,r,a,d,m
2730,b,ae,a,d,m
2731,s,as,c,d,m
2732,v,k,a,d,m
2733,i,as,a,d,m
2734,aa,f,c,d,m
2735,v,e,c,d,m
2736,i,as,a,d,m
2737,z,as,a,d,m
2738,l,ae,f,d,m
2739,aa,as,a,d,m
2740,s,as,d,d,m
2741,ab,ai,f,d,m
2742,r,ai,f,d,m
2743,aa,f,c,d,m
2744,o,f,f,d,m
2745,i,as,c,d,m
2746,s,ae,e,d,m
2747,j,ai,a,d,m
2748,l,ae,f,d,m
2749,a,ak,f,d,m
2750,s,as,c,d,m
2751,aa,i,c,d,m
2752,aa,as,a,d,m
2753,i,as,a,d,m
2754,l,s,c,d,m
2755,l,as,f,d,m
2756,c,ae,c,d,m
2757,b,as,a,d,m
2758,l,n,f,d,p
2759,b,ai,a,d,p
2760,v,ae,a,d,p
2761,aa,as,c,d,p
2762,l,as,f,d,p
2763,aa,as,c,d,p
2764,b,m,a,d,p
2765,v,r,a,d,p
2766,a,ak,f,d,p
2767,aa,as,c,d,p
2768,b,m,a,d,p
2769,n,s,c,d,p
2770,r,ak,f,d,p
2771,s,ae,c,d,p
2772,aa,as,d,d,p
2773,i,as,a,d,p
2774,l,ak,e,d,p
2775,b,i,a,d,p
2776,t,ak,f,d,p
2777,i,as,a,d,p
2778,aa,ay,c,d,p
2779,v,r,c,d,p
2780,aa,ak,a,d,p
2781,i,as,a,d,p
2782,l,ak,f,d,p
2783,s,as,c,d,p
2784,o,f,f,d,p
2785,c,ae,a,d,p
2786,aa,m,a,d,p
2787,l,ae,f,d,p
2788,i,as,a,d,p
2789,aa,as,a,d,p
2790,v,r,c,d,p
2791,w,ai,f,d,p
2792,l,s,c,d,p
2793,b,ak,a,d,p
2794,c,as,a,d,p
2795,l,ak,f,d,p
2796,aa,ay,c,d,p
2797,b,as,a,d,p
2798,c,as,a,d,p
2799,l,as,f,d,p
2800,v,n,f,d,p
2801,i,as,a,d,p
2802,aa,ai,c,d,p
2803,s,as,c,d,p
2804,b,ai,a,d,p
2805,v,as,d,d,p
2806,a,r,f,d,p
2807,b,ae,a,d,p
2808,b,ai,a,d,p
2809,l,e,f,d,p
2810,b,m,a,d,p
2811,a,p,f,d,p
2812,b,m,a,d,p
2813,v,a,b,d,p
2814,c,m,a,d,p
2815,aa,as,c,d,p
2816,s,as,c,d,p
2817,s,as,c,d,p
2818,aa,as,c,d,p
2819,l,ae,f,d,p
2820,i,as,a,d,p
2821,aa,ai,c,d,p
2822,s,as,c,d,p
2823,c,n,a,d,p
2824,ab,ai,f,d,p
2825,s,m,a,d,p
2826,l,ae,f,d,p
2827,aa,as,a,d,p
2828,i,as,a,d,p
2829,l,as,f,d,p
2830,aa,as,c,d,p
2831,s,as,c,d,p
2832,i,ai,a,d,p
2833,m,ak,f,d,p
2834,s,as,c,d,p
2835,i,as,a,d,p
2836,aa,ak,c,d,p
2837,aa,ai,c,d,p
2838,b,m,a,d,p
2839,o,aq,d,d,p
2840,u,as,c,d,p
2841,b,a,a,d,p
2842,s,as,c,d,p
2843,b,m,a,d,p
2844,i,as,a,d,p
2845,l,as,f,d,p
2846,aa,ai,c,d,p
2847,aa,as,c,d,p
2848,aa,as,c,d,p
2849,v,ak,f,d,p
2850,aa,r,c,d,p
2851,aa,as,c,d,p
2852,b,m,a,d,p
2853,aa,as,c,d,p
2854,aa,as,c,d,p
2855,s,as,c,d,p
2856,r,r,f,d,p
2857,v,k,a,d,p
2858,l,ak,f,d,p
2859,i,as,a,d,p
2860,s,as,c,d,p
2861,l,s,c,d,p
2862,i,as,a,d,p
2863,aa,ai,c,d,p
2864,v,as,e,d,p
2865,aa,as,c,d,p
2866,z,f,c,d,p
2867,v,r,a,d,p
2868,s,as,c,d,p
2869,aa,as,c,d,p
2870,i,as,a,d,p
2871,c,m,a,d,p
2872,v,as,f,d,p
2873,aa,aq,c,d,p
2874,c,ae,c,d,p
2875,s,as,c,d,p
2876,b,ai,a,d,p
2877,aa,as,c,d,p
2878,v,r,a,d,p
2879,t,ae,d,d,p
2880,l,ae,f,d,p
2881,s,n,c,d,p
2882,i,as,c,d,p
2883,l,as,f,d,p
2884,s,ae,c,d,p
2885,w,as,f,d,p
2886,r,as,f,d,p
2887,s,as,c,d,p
2888,s,as,c,d,p
2889,v,r,a,d,p
2890,c,ae,c,d,p
2891,b,aq,c,d,p
2892,aa,as,c,d,p
2893,a,ak,f,d,p
2894,b,aq,c,d,p
2895,v,as,f,d,p
2896,aa,ai,c,d,p
2897,l,as,f,d,p
2898,aa,as,c,d,p
2899,s,as,c,d,p
2900,r,as,c,d,p
2901,aa,as,c,d,p
2902,aa,d,c,d,p
2903,aa,as,c,d,p
2904,w,ak,b,d,p
2905,aa,as,c,d,p
2906,y,aq,c,d,p
2907,b,ai,c,d,p
2908,o,ai,f,d,p
2909,aa,as,c,d,p
2910,s,as,c,d,p
2911,a,r,f,d,p
2912,v,ae,c,d,p
2913,r,as,f,d,p
2914,s,as,c,d,p
2915,b,a,a,d,p
2916,aa,ak,c,d,p
2917,b,m,c,d,p
2918,m,s,c,d,p
2919,aa,as,c,d,p
2920,aa,as,c,d,p
2921,s,ae,c,d,p
2922,b,ae,c,d,p
2923,aa,ai,c,d,p
2924,aa,as,c,d,p
2925,l,ae,f,d,p
2926,s,n,c,d,p
2927,m,as,c,d,p
2928,h,ae,f,d,p
2929,b,f,c,d,p
2930,b,n,c,d,p
2931,aa,as,c,d,p
2932,v,ac,f,d,p
2933,s,as,c,d,p
2934,s,as,c,d,p
2935,a,ai,f,d,p
2936,s,as,c,d,p
2937,b,aq,c,d,p
2938,l,as,f,d,p
2939,b,ae,c,d,p
2940,l,ae,f,d,p
2941,aa,aq,c,d,p
2942,s,n,f,d,p
2943,aa,ay,c,d,p
2944,b,m,c,d,p
2945,o,f,f,d,p
2946,s,as,c,d,p
2947,aa,ai,c,d,p
2948,w,ak,f,d,p
2949,v,ae,c,d,p
2950,aa,as,c,d,p
2951,t,h,f,d,p
2952,b,as,d,d,p
2953,aa,ai,c,d,p
2954,aa,as,c,d,p
2955,s,as,c,d,p
2956,aa,as,c,d,p
2957,v,k,a,d,p
2958,aa,as,c,d,p
2959,b,m,c,d,p
2960,l,ae,f,d,p
2961,s,as,c,d,p
2962,r,ae,c,d,p
2963,b,ai,c,d,p
2964,r,ai,f,d,p
2965,s,e,f,d,p
2966,aa,ai,c,d,q
2967,l,as,f,d,q
2968,v,r,c,d,q
2969,aa,as,c,d,q
2970,l,as,f,d,q
2971,n,ae,c,d,q
2972,l,ae,f,d,q
2973,aa,ae,c,d,q
2974,aa,ai,c,d,q
2975,a,ak,f,d,q
2976,l,ae,f,d,q
2977,l,as,f,d,q
2978,i,as,c,d,q
2979,f,b,c,d,q
2980,l,as,f,d,q
2981,aa,as,c,d,q
2982,r,ai,f,d,q
2983,i,as,c,d,q
2984,v,ae,c,d,q
2985,s,m,c,d,q
2986,aa,as,c,d,q
2987,l,as,f,d,q
2988,aa,ai,c,d,q
2989,aa,ai,c,d,q
2990,a,ak,f,d,q
2991,t,ae,f,d,q
2992,i,as,c,d,q
2993,b,ai,c,d,q
2994,a,ak,f,d,q
2995,c,r,c,d,q
2996,b,ai,c,d,q
2997,v,k,a,d,q
2998,b,m,c,d,q
2999,a,ae,f,d,q
3000,c,m,c,d,q
3001,aa,as,c,d,q
3002,l,z,f,d,q
3003,aa,as,c,d,q
3004,v,ae,c,d,q
3005,v,r,c,d,q
3006,a,f,f,d,q
3007,i,as,c,d,q
3008,s,ae,c,d,q
3009,a,ak,f,d,q
3010,c,m,c,d,q
3011,r,x,f,d,q
3012,l,as,f,d,q
3013,l,s,c,d,q
3014,b,m,c,d,q
3015,b,ai,c,d,q
3016,b,e,c,d,q
3017,aa,as,c,d,q
3018,l,as,f,d,q
3019,r,as,f,d,q
3020,s,n,f,d,q
3021,v,r,c,d,q
3022,aa,ai,c,d,q
3023,e,as,c,d,q
3024,j,ae,d,d,q
3025,a,ak,f,d,q
3026,s,as,c,d,q
3027,b,m,c,d,q
3028,l,s,c,d,q
3029,aa,aq,c,d,q
3030,i,as,c,d,q
3031,c,ae,c,d,q
3032,aa,m,c,d,q
3033,s,as,c,d,q
3034,v,e,c,d,q
3035,aa,as,c,d,q
3036,p,ae,c,d,q
3037,s,e,f,d,q
3038,o,ai,f,d,q
3039,s,as,c,d,q
3040,a,as,f,d,q
3041,z,as,c,d,q
3042,l,as,f,d,q
3043,b,ai,c,d,q
3044,i,as,c,d,q
3045,l,ae,f,d,q
3046,c,m,c,d,q
3047,l,ae,f,d,q
3048,v,e,c,d,q
3049,aa,ai,c,d,q
3050,p,as,d,d,q
3051,l,s,c,d,q
3052,b,ai,c,d,q
3053,f,as,a,d,q
3054,c,ae,c,d,q
3055,s,ae,c,d,q
3056,v,as,f,d,q
3057,b,m,c,d,q
3058,s,as,c,d,q
3059,aa,ai,c,d,q
3060,aa,ay,c,d,q
3061,v,k,a,d,q
3062,aa,ai,c,d,q
3063,a,as,f,d,q
3064,c,m,c,d,q
3065,h,as,f,d,q
3066,aa,ai,c,d,q
3067,b,ae,c,d,q
3068,n,as,f,d,q
3069,aa,as,c,d,q
3070,v,r,c,d,q
3071,b,m,c,d,q
3072,s,as,c,d,q
3073,aa,as,c,d,q
3074,b,a,a,d,q
3075,aa,as,c,d,q
3076,aa,as,c,d,q
3077,r,ai,c,d,q
3078,l,as,f,d,q
3079,r,as,f,d,q
3080,l,n,f,d,q
3081,o,as,d,d,q
3082,b,ai,b,d,q
3083,i,as,c,d,q
3084,s,as,c,d,q
3085,v,n,f,d,q
3086,r,as,f,d,q
3087,o,ae,f,d,q
3088,s,as,c,d,q
3089,a,f,f,d,q
3090,b,aa,c,d,q
3091,b,ae,c,d,q
3092,w,ae,c,d,q
3093,m,as,f,d,q
3094,c,s,c,d,q
3095,s,as,c,d,q
3096,r,ai,f,d,q
3097,s,as,c,d,q
3098,r,as,f,d,q
3099,s,as,c,d,q
3100,aa,ai,c,d,q
3101,i,as,c,d,q
3102,l,as,d,d,q
3103,i,as,c,d,q
3104,b,ai,a,d,q
3105,v,as,c,d,q
3106,o,f,f,d,q
3107,v,ak,f,d,q
3108,b,i,a,d,q
3109,n,as,c,d,q
3110,o,f,f,d,q
3111,l,s,c,d,q
3112,l,as,f,d,q
3113,l,ak,f,d,q
3114,a,as,f,d,q
3115,s,as,c,d,q
3116,aa,as,c,d,q
3117,r,r,f,d,q
3118,b,ai,a,d,q
3119,v,ak,c,d,q
3120,c,ae,a,d,q
3121,aa,as,c,d,q
3122,s,as,c,d,q
3123,v,ai,f,d,q
3124,i,as,a,d,q
3125,w,ac,c,d,q
3126,b,ai,a,d,q
3127,r,f,f,d,q
3128,v,n,f,d,q
3129,o,ae,c,d,q
3130,b,m,a,d,q
3131,aa,ai,a,d,q
3132,b,ae,a,d,q
3133,v,r,c,d,q
3134,r,d,f,d,q
3135,b,ae,a,d,q
3136,a,ak,f,d,q
3137,b,ai,a,d,q
3138,m,as,c,d,q
3139,v,k,a,d,q
3140,aa,ai,a,d,q
3141,aa,ai,c,d,q
3142,k,ak,a,d,q
3143,l,as,f,d,q
3144,aa,as,c,d,q
3145,c,m,c,d,q
3146,l,as,f,d,q
3147,s,as,c,d,q
3148,i,as,a,d,q
3149,w,ac,f,d,q
3150,b,ai,a,d,q
3151,v,r,a,d,q
3152,v,ai,f,d,q
3153,l,as,f,d,q
3154,s,ae,c,d,q
3155,s,as,c,d,q
3156,a,ak,f,d,q
3157,r,t,a,d,q
3158,c,m,a,d,q
3159,r,as,f,d,q
3160,s,n,f,d,q
3161,aa,as,c,d,q
3162,v,e,c,d,q
3163,b,ai,a,d,q
3164,v,r,a,d,q
3165,aa,ai,c,d,q
3166,v,k,a,d,q
3167,c,m,a,d,q
3168,r,as,f,d,q
3169,l,s,c,d,q
3170,l,ae,f,d,q
3171,s,ae,c,d,q
3172,aa,as,c,d,q
3173,w,ak,c,d,q
3174,aa,ai,c,d,q
3175,b,m,a,d,q
3176,aa,ai,c,d,q
3177,l,s,c,d,q
3178,b,ai,a,d,q
3179,b,ai,a,d,q
3180,v,ai,c,d,q
3181,s,as,c,d,q
3182,r,ai,f,d,q
3183,l,as,d,d,q
3184,s,as,c,d,q
3185,aa,as,a,d,q
3186,l,n,f,d,s
3187,aa,as,c,d,s
3188,s,as,c,d,s
3189,b,a,c,d,s
3190,b,as,a,d,s
3191,u,as,c,d,s
3192,i,as,a,d,s
3193,l,ae,f,d,s
3194,v,aw,d,d,s
3195,i,as,a,d,s
3196,aa,ay,c,d,s
3197,l,as,d,d,s
3198,aa,ai,c,d,s
3199,l,as,f,d,s
3200,v,as,f,d,s
3201,aa,m,c,d,s
3202,b,m,a,d,s
3203,v,as,f,d,s
3204,s,as,c,d,s
3205,z,ai,c,d,s
3206,c,s,c,d,s
3207,aa,ay,c,d,s
3208,c,m,a,d,s
3209,z,ai,c,d,s
3210,v,ae,a,d,s
3211,aa,as,c,d,s
3212,a,ak,f,d,s
3213,l,as,f,d,s
3214,h,ae,f,d,s
3215,f,ae,c,d,s
3216,s,as,c,d,s
3217,v,aw,d,d,s
3218,o,f,f,d,s
3219,aa,ai,c,d,s
3220,v,r,a,d,s
3221,b,c,a,d,s
3222,aa,as,c,d,s
3223,aa,ai,c,d,s
3224,aa,aq,a,d,s
3225,r,r,f,d,s
3226,aa,ai,c,d,s
3227,b,r,a,d,s
3228,s,as,c,d,s
3229,aa,as,c,d,s
3230,s,as,a,d,s
3231,t,n,f,d,s
3232,l,as,f,d,s
3233,l,s,c,d,s
3234,s,as,c,d,s
3235,o,f,f,d,s
3236,l,ae,f,d,s
3237,r,as,f,d,s
3238,v,ae,f,d,s
3239,o,as,a,d,s
3240,v,ak,f,d,s
3241,ab,ae,f,d,s
3242,l,as,f,d,s
3243,b,ae,a,d,s
3244,w,ak,c,d,s
3245,v,as,a,d,s
3246,r,f,f,d,s
3247,z,as,c,d,s
3248,r,as,f,d,s
3249,l,ae,f,d,s
3250,b,aq,a,d,s
3251,b,m,a,d,s
3252,v,r,a,d,s
3253,r,ae,c,d,s
3254,s,as,c,d,s
3255,aa,as,c,d,s
3256,l,n,f,d,s
3257,u,ak,c,d,s
3258,i,as,a,d,s
3259,l,as,f,d,s
3260,b,as,a,d,s
3261,aa,ai,c,d,s
3262,s,as,c,d,s
3263,r,as,f,d,s
3264,s,as,c,d,s
3265,aa,m,c,d,s
3266,s,as,c,d,s
3267,b,ae,a,d,s
3268,s,as,c,d,s
3269,a,ak,f,d,s
3270,v,r,a,d,s
3271,r,ae,c,d,s
3272,b,ai,a,d,s
3273,i,as,a,d,s
3274,aa,ai,c,d,s
3275,z,ai,c,d,s
3276,b,ai,a,d,s
3277,v,ak,f,d,s
3278,m,as,c,d,s
3279,aa,as,c,d,s
3280,r,e,f,d,s
3281,w,ae,c,d,s
3282,r,r,f,d,s
3283,l,as,f,d,s
3284,v,e,c,d,s
3285,r,e,f,d,s
3286,s,ae,c,d,s
3287,v,r,a,d,s
3288,aa,ai,c,d,s
3289,l,as,f,d,s
3290,r,d,f,d,s
3291,r,ae,f,d,s
3292,v,ak,c,d,s
3293,l,s,c,d,s
3294,g,ak,a,d,s
3295,s,as,c,d,s
3296,i,as,a,d,s
3297,v,ae,c,d,s
3298,s,aq,f,d,s
3299,b,ai,a,d,s
3300,aa,ai,c,d,s
3301,s,as,c,d,s
3302,s,as,c,d,s
3303,a,r,f,d,s
3304,a,ak,f,d,s
3305,v,ae,c,d,s
3306,r,ae,c,d,s
3307,u,as,c,d,s
3308,s,as,a,d,s
3309,l,ae,f,d,s
3310,b,a,c,d,s
3311,v,n,f,d,s
3312,b,ae,a,d,s
3313,r,r,f,d,s
3314,l,ak,f,d,s
3315,s,as,g,d,s
3316,l,as,a,d,s
3317,s,ae,c,d,s
3318,i,as,a,d,s
3319,l,as,f,d,s
3320,a,r,f,d,s
3321,v,as,c,d,s
3322,aa,ae,c,d,s
3323,z,ai,c,d,s
3324,v,ak,f,d,s
3325,v,r,a,d,s
3326,r,as,f,d,s
3327,i,as,a,d,s
3328,aa,ai,c,d,s
3329,i,as,c,d,s
3330,s,ae,c,d,s
3331,i,as,c,d,s
3332,l,ae,f,d,s
3333,b,ak,d,d,s
3334,s,ae,c,d,s
3335,b,a,c,d,s
3336,l,ae,f,d,s
3337,s,as,c,d,s
3338,aa,aq,a,d,s
3339,r,ak,f,d,s
3340,aa,as,c,d,s
3341,aa,as,c,d,s
3342,s,as,c,d,s
3343,r,r,f,d,s
3344,c,ae,c,d,s
3345,b,as,a,d,s
3346,v,ae,c,d,s
3347,i,as,a,d,s
3348,e,as,c,d,s
3349,c,n,c,d,s
3350,s,as,a,d,s
3351,l,ae,f,d,s
3352,r,as,f,d,s
3353,s,as,c,d,s
3354,l,ae,f,d,s
3355,b,as,c,d,s
3356,v,ae,c,d,s
3357,aa,ai,c,d,s
3358,s,as,g,d,s
3359,a,ak,f,d,s
3360,s,as,g,d,s
3361,v,ak,g,d,s
3362,aa,ai,g,d,s
3363,v,ae,g,d,s
3364,c,m,c,d,s
3365,r,aw,d,d,s
3366,b,ae,c,d,s
3367,p,as,c,d,s
3368,o,f,f,d,s
3369,i,as,c,d,s
3370,c,m,c,d,s
3371,i,as,c,d,s
3372,a,ak,f,d,s
3373,l,as,f,d,s
3374,i,as,c,d,s
3375,l,ae,f,d,s
3376,v,r,a,d,s
3377,a,ae,f,d,s
3378,r,ae,c,d,s
3379,c,ac,c,d,s
3380,s,as,g,d,s
3381,c,m,c,d,s
3382,b,e,a,d,s
3383,v,e,c,d,s
3384,z,ae,g,d,s
3385,v,n,f,d,s
3386,b,r,c,d,s
3387,i,ae,c,d,s
3388,r,d,f,d,s
3389,l,as,f,d,s
3390,a,ak,f,d,s
3391,s,as,g,d,s
3392,i,as,c,d,s
3393,v,k,c,d,s
3394,v,ae,c,d,s
3395,b,e,c,d,s
3396,z,ai,g,d,s
3397,v,r,c,d,s
3398,aa,n,c,d,s
3399,l,as,f,d,s
3400,v,r,c,d,r
3401,i,as,c,d,r
3402,l,as,f,d,r
3403,r,as,f,d,r
3404,l,q,f,d,r
3405,z,ai,g,d,r
3406,v,n,f,d,r
3407,aa,ai,g,d,r
3408,a,ak,f,d,r
3409,s,as,c,d,r
3410,aa,ai,g,d,r
3411,a,ae,f,d,r
3412,s,as,g,d,r
3413,b,as,c,d,r
3414,s,as,g,d,r
3415,s,as,c,d,r
3416,aa,as,g,d,r
3417,b,as,c,d,r
3418,w,n,f,d,r
3419,r,ag,f,d,r
3420,b,ai,c,d,r
3421,aa,ay,g,d,r
3422,a,as,f,d,r
3423,b,ai,c,d,r
3424,l,as,f,d,r
3425,s,as,c,d,r
3426,v,al,b,d,r
3427,s,n,g,d,r
3428,r,as,f,d,r
3429,v,r,c,d,r
3430,w,ai,c,d,r
3431,l,as,f,d,r
3432,b,ai,c,d,r
3433,s,ae,g,d,r
3434,b,a,c,d,r
3435,v,ak,g,d,r
3436,r,as,f,d,r
3437,i,as,c,d,r
3438,w,a,b,d,r
3439,aa,ai,g,d,r
3440,a,ak,f,d,r
3441,l,s,c,d,r
3442,c,m,c,d,r
3443,s,as,g,d,r
3444,i,as,c,d,r
3445,r,r,f,d,r
3446,v,n,f,d,r
3447,v,e,c,d,r
3448,s,as,g,d,r
3449,b,as,c,d,r
3450,l,as,f,d,r
3451,aa,as,g,d,r
3452,s,as,g,d,r
3453,b,aq,c,d,r
3454,l,as,f,d,r
3455,b,ai,a,d,r
3456,s,as,g,d,r
3457,aa,i,g,d,r
3458,aa,ai,g,d,r
3459,t,n,f,d,r
3460,v,t,c,d,r
3461,aa,as,g,d,r
3462,s,as,g,d,r
3463,v,t,c,d,r
3464,l,as,f,d,r
3465,aa,as,d,d,r
3466,s,as,g,d,r
3467,v,a,b,d,r
3468,i,as,c,d,r
3469,s,n,f,d,r
3470,v,t,c,d,r
3471,m,as,c,d,r
3472,b,as,c,d,r
3473,s,as,g,d,r
3474,b,ai,c,d,r
3475,aa,as,g,d,r
3476,i,as,c,d,r
3477,a,ak,f,d,r
3478,aa,ay,g,d,r
3479,aa,m,g,d,r
3480,c,ae,c,d,r
3481,l,ae,f,d,r
3482,b,ai,c,d,r
3483,i,ae,c,d,r
3484,s,as,g,d,r
3485,o,ae,c,d,r
3486,t,n,f,d,r
3487,b,ai,c,d,r
3488,s,as,g,d,r
3489,f,f,c,d,r
3490,aa,as,g,d,r
3491,s,as,c,d,r
3492,l,t,b,d,r
3493,b,m,c,d,r
3494,r,ag,f,d,r
3495,n,r,d,d,r
3496,aa,ai,g,d,r
3497,a,ak,f,d,r
3498,b,m,c,d,r
3499,v,n,f,d,r
3500,b,ae,c,d,r
3501,l,ak,f,d,r
3502,aa,ai,g,d,r
3503,a,ak,f,d,r
3504,c,ae,c,d,r
3505,r,ai,f,d,r
3506,i,as,c,d,r
3507,a,aq,d,d,r
3508,b,ai,c,d,r
3509,b,m,c,d,r
3510,f,aq,c,d,r
3511,r,as,f,d,r
3512,v,k,c,d,r
3513,aa,ai,g,d,r
3514,b,m,c,d,r
3515,w,ak,g,d,r
3516,aa,ai,g,d,r
3517,a,as,d,d,r
3518,aa,m,g,d,r
3519,l,s,c,d,r
3520,z,ai,g,d,r
3521,s,n,f,d,r
3522,i,as,c,d,r
3523,r,r,f,d,r
3524,l,as,c,d,r
3525,aa,as,g,d,r
3526,v,e,c,d,r
3527,k,as,d,d,r
3528,b,m,c,d,r
3529,j,ae,c,d,r
3530,f,ae,g,d,r
3531,l,s,c,d,r
3532,o,aq,d,d,r
3533,u,as,g,d,r
3534,s,as,g,d,r
3535,aa,ai,c,d,r
3536,i,as,a,d,r
3537,aa,as,g,d,r
3538,v,ae,g,d,r
3539,b,k,c,d,r
3540,l,as,f,d,r
3541,aa,ai,g,d,r
3542,aa,as,c,d,r
3543,l,as,f,d,r
3544,y,ac,c,d,r
3545,s,ak,c,d,r
3546,aa,as,c,d,r
3547,s,as,g,d,r
3548,l,as,f,d,r
3549,b,r,c,d,r
3550,c,ae,c,d,r
3551,l,ae,f,d,r
3552,aa,as,g,d,r
3553,w,ak,f,d,r
3554,aa,ai,g,d,r
3555,aa,ai,c,d,r
3556,s,as,g,d,r
3557,v,ai,g,d,r
3558,aa,ai,c,d,r
3559,r,ak,f,d,r
3560,s,n,g,d,r
3561,c,as,c,d,r
3562,l,as,f,d,r
3563,b,ai,a,d,r
3564,b,ai,c,d,r
3565,s,as,c,d,r
3566,aa,ai,g,d,r
3567,l,ap,f,d,r
3568,v,ai,f,d,r
3569,o,a,b,d,r
3570,aa,as,g,d,r
3571,s,ak,g,d,r
3572,s,as,g,d,r
3573,r,ak,f,d,r
3574,s,as,g,d,r
3575,h,as,f,d,r
3576,v,r,c,d,r
3577,b,m,a,d,r
3578,r,as,f,d,r
3579,u,as,g,d,r
3580,l,as,f,d,r
3581,v,k,c,d,r
3582,aa,ay,g,d,r
3583,i,as,c,d,r
3584,v,t,c,d,r
3585,b,ai,a,d,r
3586,l,ae,f,d,r
3587,r,t,d,d,r
3588,l,ag,f,d,r
3589,u,ae,g,d,r
3590,l,ak,f,d,r
3591,aa,as,g,d,r
3592,v,n,f,d,r
3593,v,ak,f,d,r
3594,b,aq,a,d,r
3595,s,as,g,d,r
3596,aa,as,g,d,r
3597,v,ae,c,d,r
3598,s,as,g,d,r
3599,l,as,f,d,r
3600,s,ae,g,d,r
3601,v,k,d,d,r
3602,s,as,g,d,r
3603,l,ak,f,d,r
3604,l,s,c,d,r
3605,b,ae,a,d,r
3606,r,as,f,d,r
3607,v,as,f,d,r
3608,aa,n,c,d,r
3609,s,n,g,d,r
3610,i,as,c,d,r
3611,v,ak,f,d,r
3612,s,ae,g,d,r
3613,a,ae,f,d,r
3614,b,as,a,d,r
3615,s,as,d,d,v
3616,c,m,a,d,v
3617,l,ak,f,d,v
3618,o,p,b,d,v
3619,s,as,g,d,v
3620,a,ai,f,d,v
3621,s,as,g,d,v
3622,b,ai,a,d,v
3623,b,ai,a,d,v
3624,b,as,a,d,v
3625,v,as,c,d,v
3626,v,ae,g,d,v
3627,j,m,a,d,v
3628,s,as,g,d,v
3629,b,a,d,d,v
3630,s,as,g,d,v
3631,l,ae,f,d,v
3632,v,aq,c,d,v
3633,aa,ae,a,d,v
3634,v,r,a,d,v
3635,l,ag,f,d,v
3636,a,ak,f,d,v
3637,c,m,a,d,v
3638,i,as,a,d,v
3639,b,as,a,d,v
3640,o,ae,f,d,v
3641,s,as,c,d,v
3642,o,ae,f,d,v
3643,s,as,c,d,v
3644,b,ai,a,d,v
3645,i,as,a,d,v
3646,l,ae,f,d,v
3647,r,ai,f,d,v
3648,aa,as,c,d,v
3649,o,z,f,d,v
3650,v,ae,c,d,v
3651,s,as,c,d,v
3652,s,as,c,d,v
3653,aa,ay,c,d,v
3654,aa,as,c,d,v
3655,s,as,c,d,v
3656,i,as,a,d,v
3657,v,ak,f,d,v
3658,b,ae,a,d,v
3659,aa,as,c,d,v
3660,v,as,d,d,v
3661,b,ak,a,d,v
3662,l,s,c,d,v
3663,t,ak,f,d,v
3664,b,n,a,d,v
3665,l,ae,f,d,v
3666,l,ae,f,d,v
3667,v,as,c,d,v
3668,v,ac,f,d,v
3669,v,ai,c,d,v
3670,z,ai,c,d,v
3671,l,as,f,d,v
3672,v,r,a,d,v
3673,a,as,f,d,v
3674,b,m,a,d,v
3675,r,as,f,d,v
3676,b,ae,a,d,v
3677,b,aq,a,d,v
3678,i,as,a,d,v
3679,t,as,d,d,v
3680,s,as,c,d,v
3681,b,r,a,d,v
3682,l,as,f,d,v
3683,b,z,b,d,v
3684,l,ae,f,d,v
3685,r,r,f,d,v
3686,aa,as,c,d,v
3687,s,as,c,d,v
3688,z,ai,c,d,v
3689,l,as,f,d,v
3690,v,as,d,d,v
3691,i,as,a,d,v
3692,z,f,c,d,v
3693,l,s,c,d,v
3694,s,as,c,d,v
3695,s,ae,c,d,v
3696,b,n,a,d,v
3697,l,ae,f,d,v
3698,r,ae,c,d,v
3699,v,ae,c,d,v
3700,s,as,a,d,v
3701,s,as,c,d,v
3702,b,ak,a,d,v
3703,b,i,a,d,v
3704,a,as,f,d,v
3705,l,s,c,d,v
3706,v,r,a,d,v
3707,a,ak,f,d,v
3708,aa,as,c,d,v
3709,b,m,a,d,v
3710,aa,ai,c,d,v
3711,b,ae,a,d,v
3712,l,q,f,d,v
3713,b,m,a,d,v
3714,s,as,c,d,v
3715,r,ag,f,d,v
3716,aa,f,c,d,v
3717,v,ae,c,d,v
3718,s,m,c,d,v
3719,b,g,d,d,v
3720,z,b,c,d,v
3721,aa,ae,c,d,v
3722,b,ak,a,d,v
3723,v,n,f,d,v
3724,s,as,c,d,v
3725,a,p,f,d,v
3726,aa,ai,c,d,v
3727,w,ae,f,d,v
3728,a,ae,f,d,v
3729,v,as,f,d,v
3730,i,as,a,d,v
3731,c,m,a,d,v
3732,s,as,c,d,v
3733,j,ae,a,d,v
3734,s,as,c,d,v
3735,r,r,f,d,v
3736,l,ae,f,d,v
3737,l,s,c,d,v
3738,r,as,f,d,v
3739,v,n,f,d,v
3740,aa,as,c,d,v
3741,u,as,c,d,v
3742,s,as,c,d,v
3743,r,r,f,d,v
3744,f,ak,c,d,v
3745,v,aq,c,d,v
3746,v,ak,e,d,v
3747,aa,ai,a,d,v
3748,v,r,a,d,v
3749,aa,ay,c,d,v
3750,i,as,a,d,v
3751,a,ak,f,d,v
3752,z,ai,c,d,v
3753,aa,m,c,d,v
3754,a,ae,f,d,v
3755,s,as,e,d,v
3756,l,s,c,d,v
3757,o,f,f,d,v
3758,b,ae,a,d,v
3759,l,n,f,d,v
3760,s,as,c,d,v
3761,aa,ak,a,d,v
3762,i,as,a,d,v
3763,l,as,f,d,v
3764,aa,ai,a,d,v
3765,s,as,a,d,v
3766,aa,as,c,d,v
3767,m,as,d,d,v
3768,aa,ae,e,d,v
3769,l,as,f,d,v
3770,v,n,f,d,v
3771,v,t,d,d,v
3772,r,ak,f,d,v
3773,s,as,c,d,v
3774,b,as,a,d,v
3775,i,as,a,d,v
3776,aa,ai,e,d,v
3777,aa,ae,e,d,v
3778,b,m,c,d,v
3779,s,as,c,d,v
3780,b,m,c,d,v
3781,aa,as,e,d,v
3782,l,ae,f,d,v
3783,v,e,c,d,v
3784,aa,as,c,d,v
3785,aa,ai,e,d,v
3786,l,ae,f,d,v
3787,f,e,e,d,v
3788,a,ak,f,d,v
3789,r,z,f,d,v
3790,u,as,c,d,v
3791,v,t,d,d,v
3792,c,m,c,d,v
3793,b,as,c,d,v
3794,z,as,e,d,v
3795,s,n,c,d,v
3796,s,as,d,d,v
3797,m,as,f,d,v
3798,i,as,c,d,v
3799,aa,ai,e,d,v
3800,v,k,c,d,v
3801,r,ak,f,d,v
3802,c,ae,c,d,v
3803,j,r,c,d,v
3804,aa,ay,e,d,v
3805,i,as,a,d,v
3806,l,as,f,d,v
3807,aa,ay,e,d,v
3808,s,as,c,d,v
3809,aa,ae,e,d,v
3810,e,as,c,d,v
3811,r,d,f,d,v
3812,s,m,c,d,v
3813,i,as,c,d,v
3814,r,as,f,d,v
3815,i,as,c,d,v
3816,aa,ai,e,d,v
3817,aa,m,e,d,v
3818,v,r,a,d,v
3819,l,as,d,d,v
3820,v,as,c,d,v
3821,s,as,c,d,v
3822,aa,m,e,d,v
3823,v,as,f,d,v
3824,i,as,c,d,v
3825,s,ae,e,d,v
3826,l,ae,f,d,v
3827,z,ai,e,d,v
3828,c,ae,a,d,v
3829,l,as,f,d,v
3830,l,ae,f,d,v
3831,v,k,d,d,v
3832,r,i,f,d,v
3833,i,as,c,d,v
3834,l,n,f,d,v
3835,r,ae,e,d,v
3836,l,ae,f,d,v
3837,aa,ay,e,d,v
3838,z,as,e,d,v
3839,u,ae,e,d,v
3840,z,ai,e,d,v
3841,s,as,e,d,v
3842,b,as,d,d,v
3843,s,as,e,d,v
3844,r,ae,e,d,v
3845,b,ae,d,d,v
3846,r,ai,f,d,w
3847,b,r,c,d,w
3848,r,as,c,d,w
3849,s,as,e,d,w
3850,l,ae,f,d,w
3851,c,ae,c,d,w
3852,r,as,f,d,w
3853,b,ak,c,d,w
3854,k,s,c,d,w
3855,aa,ai,e,d,w
3856,v,as,f,d,w
3857,aa,as,d,d,w
3858,aa,ai,e,d,w
3859,a,ak,f,d,w
3860,s,as,e,d,w
3861,v,ae,e,d,w
3862,aa,ao,a,d,w
3863,r,r,f,d,w
3864,b,m,c,d,w
3865,aa,ai,e,d,w
3866,b,ai,c,d,w
3867,b,m,c,d,w
3868,k,as,c,d,w
3869,l,ae,f,d,w
3870,f,as,a,d,w
3871,a,ak,f,d,w
3872,aa,as,e,d,w
3873,s,e,f,d,w
3874,s,ae,e,d,w
3875,s,as,e,d,w
3876,v,t,d,d,w
3877,o,ak,f,d,w
3878,aa,as,d,d,w
3879,k,s,a,d,w
3880,r,aq,f,d,w
3881,v,a,d,d,w
3882,y,x,c,d,w
3883,r,t,d,d,w
3884,v,ae,c,d,w
3885,q,m,c,d,w
3886,i,as,c,d,w
3887,c,ae,c,d,w
3888,aa,as,e,d,w
3889,j,as,d,d,w
3890,v,e,c,d,w
3891,s,as,g,d,w
3892,aa,m,e,d,w
3893,v,e,c,d,w
3894,s,as,g,d,w
3895,l,e,f,d,w
3896,o,e,d,d,w
3897,aa,as,e,d,w
3898,c,m,c,d,w
3899,i,as,c,d,w
3900,r,ag,f,d,w
3901,s,as,d,d,w
3902,r,ae,e,d,w
3903,s,as,e,d,w
3904,l,s,c,d,w
3905,i,as,c,d,w
3906,n,as,g,d,w
3907,i,as,c,d,w
3908,o,x,f,d,w
3909,v,r,c,d,w
3910,s,as,c,d,w
3911,l,as,f,d,w
3912,r,ae,g,d,w
3913,v,r,a,d,w
3914,o,ai,f,d,w
3915,c,as,c,d,w
3916,v,n,f,d,w
3917,o,f,f,d,w
3918,aa,ae,e,d,w
3919,l,as,f,d,w
3920,i,as,c,d,w
3921,i,as,c,d,w
3922,v,t,d,d,w
3923,v,aw,d,d,w
3924,s,as,e,d,w
3925,b,f,c,d,w
3926,s,as,c,d,w
3927,w,a,b,d,w
3928,c,as,c,d,w
3929,s,as,e,d,w
3930,v,k,c,d,w
3931,f,b,c,d,w
3932,z,as,e,d,w
3933,a,as,d,d,w
3934,l,s,c,d,w
3935,s,as,g,d,w
3936,v,r,c,d,w
3937,l,as,f,d,w
3938,s,m,c,d,w
3939,r,e,f,d,w
3940,r,as,f,d,w
3941,r,r,f,d,w
3942,s,ak,g,d,w
3943,w,a,d,d,w
3944,c,s,a,d,w
3945,r,as,g,d,w
3946,i,as,c,d,w
3947,l,as,f,d,w
3948,r,as,f,d,w
3949,o,ae,f,d,w
3950,v,n,f,d,w
3951,o,as,f,d,w
3952,l,as,f,d,w
3953,s,as,g,d,w
3954,l,as,f,d,w
3955,s,as,g,d,w
3956,aa,y,d,d,w
3957,aa,as,c,d,w
3958,v,n,f,d,w
3959,s,as,g,d,w
3960,b,r,c,d,w
3961,v,as,f,d,w
3962,v,ae,c,d,w
3963,aa,as,c,d,w
3964,c,m,c,d,w
3965,aa,as,e,d,w
3966,o,ae,f,d,w
3967,b,m,c,d,w
3968,s,as,c,d,w
3969,o,ae,f,d,w
3970,t,ae,c,d,w
3971,a,ak,f,d,w
3972,r,e,f,d,w
3973,l,n,f,d,w
3974,a,ak,f,d,w
3975,b,m,c,d,w
3976,c,s,c,d,w
3977,l,as,c,d,w
3978,a,x,f,d,w
3979,z,m,c,d,w
3980,s,as,a,d,w
3981,aa,as,c,d,w
3982,v,t,d,d,w
3983,v,n,f,d,w
3984,v,ae,g,d,w
3985,l,as,f,d,w
3986,s,as,c,d,w
3987,aa,ai,c,d,w
3988,s,as,a,d,w
3989,v,as,f,d,w
3990,i,ae,c,d,w
3991,i,as,c,d,w
3992,l,n,f,d,w
3993,s,as,c,d,w
3994,v,r,c,d,w
3995,v,ak,c,d,w
3996,v,t,d,d,w
3997,b,ai,a,d,w
3998,r,e,f,d,w
3999,aa,as,c,d,w
4000,v,as,f,d,w
4001,b,as,c,d,w
4002,r,ag,f,d,w
4003,v,ae,c,d,w
4004,v,n,f,d,w
4005,aa,h,c,d,w
4006,l,as,f,d,w
4007,aa,ai,c,d,w
4008,a,ak,f,d,w
4009,v,r,a,d,w
4010,v,e,c,d,w
4011,l,s,c,d,w
4012,r,e,f,d,w
4013,l,as,f,d,w
4014,aa,as,c,d,w
4015,b,r,a,d,w
4016,c,ae,a,d,w
4017,i,as,c,d,w
4018,d,ak,f,d,w
4019,w,n,f,d,w
4020,l,as,f,d,w
4021,l,ae,f,d,w
4022,b,as,c,d,w
4023,v,n,f,d,w
4024,aa,as,c,d,w
4025,s,as,c,d,w
4026,s,as,c,d,w
4027,b,ae,a,d,w
4028,aa,as,c,d,w
4029,s,as,c,d,w
4030,b,ak,a,d,w
4031,aa,as,c,d,w
4032,l,as,f,d,w
4033,v,t,d,d,w
4034,i,as,a,d,w
4035,r,t,d,d,w
4036,f,as,f,d,w
4037,z,e,c,d,w
4038,v,r,a,d,w
4039,aa,ai,c,d,w
4040,i,as,a,d,w
4041,aa,as,c,d,w
4042,a,ae,f,d,w
4043,aa,as,c,d,w
4044,v,ae,a,d,w
4045,r,as,f,d,w
4046,o,ae,f,d,w
4047,aa,ae,c,d,w
4048,o,e,f,d,w
4049,i,as,a,d,w
4050,v,ae,a,d,w
4051,l,ak,f,d,w
4052,c,m,a,d,w
4053,a,ak,f,d,w
4054,r,a,b,d,w
4055,s,as,d,d,w
4056,v,as,c,d,w
4057,b,m,a,d,w
4058,v,e,c,d,w
4059,o,r,f,d,w
4060,l,n,f,d,w
4061,o,ai,f,d,w
4062,r,as,f,d,w
4063,v,ae,c,d,w
4064,i,as,a,d,w
4065,aa,m,c,d,w
4066,u,as,c,d,w
4067,c,m,c,d,w
4068,aa,as,c,d,w
4069,l,s,c,d,w
4070,o,ae,f,d,w
4071,l,as,f,d,w
4072,v,ae,c,d,w
4073,aa,as,c,d,w
4074,b,ai,a,d,w
4075,l,as,f,d,w
4076,s,as,e,d,w
4077,b,m,c,d,o
4078,r,ag,f,d,o
4079,aa,ai,c,d,o
4080,v,r,a,d,o
4081,b,as,c,d,o
4082,p,ae,f,d,o
4083,s,as,c,d,o
4084,i,as,a,d,o
4085,l,as,b,d,o
4086,r,ag,f,d,o
4087,b,as,a,d,o
4088,w,ak,e,d,o
4089,aa,ay,c,d,o
4090,e,as,a,d,o
4091,r,d,f,d,o
4092,b,ak,a,d,o
4093,s,as,c,d,o
4094,b,z,c,d,o
4095,r,e,c,d,o
4096,r,ak,f,d,o
4097,aa,ay,c,d,aa
4098,k,ak,a,d,aa
4099,r,ae,f,d,aa
4100,v,r,a,d,aa
4101,l,n,f,d,aa
4102,b,ae,c,d,aa
4103,v,e,f,d,aa
4104,l,ae,f,d,aa
4105,s,as,c,d,aa
4106,c,s,c,d,aa
4107,l,ae,f,d,aa
4108,l,as,f,d,aa
4109,aa,as,c,d,aa
4110,r,t,d,d,aa
4111,t,ak,f,d,aa
4112,aa,as,c,d,aa
4113,aa,as,a,d,aa
4114,c,ae,a,d,aa
4115,w,a,b,d,aa
4116,w,o,b,d,aa
4117,s,as,e,d,aa
4118,l,ak,f,d,aa
4119,r,t,d,d,aa
4120,r,e,f,d,aa
4121,b,z,a,d,aa
4122,v,ae,e,d,aa
4123,aa,as,c,d,aa
4124,l,s,c,d,aa
4125,v,ae,c,d,aa
4126,r,ae,c,d,aa
4127,s,as,a,d,aa
4128,aa,m,e,d,aa
4129,v,a,b,d,aa
4130,aa,as,c,d,aa
4131,v,r,e,d,aa
4132,aa,as,e,d,aa
4133,r,t,d,d,aa
4134,r,e,f,d,aa
4135,i,as,a,d,aa
4136,c,ae,a,d,aa
4137,o,ae,c,d,aa
4138,l,ae,f,d,aa
4139,s,as,e,d,aa
4140,r,ae,f,d,aa
4141,o,f,f,d,aa
4142,s,as,c,d,aa
4143,b,m,c,d,aa
4144,o,f,f,d,aa
4145,u,as,a,d,aa
4146,r,e,f,d,aa
4147,y,ak,c,d,aa
4148,aa,as,c,d,aa
4149,s,as,c,d,aa
4150,l,as,f,d,aa
4151,h,as,f,d,aa
4152,r,aw,d,d,aa
4153,s,ae,c,d,aa
4154,r,z,f,d,aa
4155,s,as,a,d,aa
4156,o,f,f,d,aa
4157,l,n,f,d,aa
4158,aa,f,c,d,aa
4159,r,ai,f,d,aa
4160,r,t,d,d,aa
4161,r,ae,c,d,aa
4162,i,as,a,d,aa
4163,r,t,d,d,aa
4164,aa,ae,c,d,aa
4165,v,e,c,d,aa
4166,a,ae,c,d,aa
4167,r,ak,f,d,aa
4168,c,m,a,d,aa
4169,i,as,a,d,aa
4170,j,ak,a,d,aa
4171,z,m,c,d,aa
4172,s,n,f,d,aa
4173,v,aw,c,d,aa
4174,s,as,c,d,aa
4175,aa,ai,a,d,aa
4176,l,as,a,d,aa
4177,r,t,d,d,aa
4178,aa,as,c,d,aa
4179,a,ak,f,d,aa
4180,v,ai,a,d,aa
4181,r,as,f,d,aa
4182,v,ae,c,d,aa
4183,aa,m,c,d,aa
4184,s,as,c,d,aa
4185,v,ao,d,d,aa
4186,f,ar,a,d,aa
4187,l,ae,f,d,aa
4188,s,as,a,d,aa
4189,s,as,c,d,aa
4190,s,ae,c,d,aa
4191,v,ae,c,d,aa
4192,l,as,f,d,aa
4193,v,aw,c,d,aa
4194,o,as,f,d,aa
4195,l,ae,f,d,aa
4196,o,m,f,d,aa
4197,v,ae,c,d,aa
4198,a,ak,f,d,aa
4199,aa,ay,c,d,aa
4200,aa,e,c,d,aa
4201,v,t,d,d,aa
4202,l,s,c,d,aa
4203,s,as,c,d,aa
4204,s,as,c,d,aa
4205,o,t,d,d,aa
4206,v,r,a,d,aa
4207,r,e,f,d,aa
4208,r,ae,c,d,aa
